,1,2,3,4,5,6,7,8,9,10,11,12,13,14,15,16,17,18,19,20,21,22,23,24,25,26,27,28,29,30,31,32,33,34,35,36,37,38,39,40,41,42,43,44,45,46,47,48,49,50
1,0.368897804,0.254509965,-0.211178258,0.264769493,0.010050181,0.137409837,0.137409837,0.259344915,-0.023676543,0.302387761,0.071961125,0.212882225,0.001559537,0.251208048,-0.150328645,-0.253631477,-3.655549394,-2.355655426,-0.077686471,-0.036766285,0.489181923,0.203330251,NA,NA,NA,NA,NA,NA,NA,NA,NA,NA,NA,NA,NA,NA,NA,NA,NA,NA,NA,NA,NA,NA,NA,NA,NA,NA,NA,NA
2,0.265948749,-0.040304053,0.12549935,0.037880624,-0.358113565,0.919728315,0.13705606,-0.331580303,0.323732296,0.0525034,0.230806918,-4.074303226,NA,NA,NA,NA,NA,NA,NA,NA,NA,NA,NA,NA,NA,NA,NA,NA,NA,NA,NA,NA,NA,NA,NA,NA,NA,NA,NA,NA,NA,NA,NA,NA,NA,NA,NA,NA,NA,NA
3,-1.140667894,-1.541968736,0.137409837,0.362765672,0.254392039,-0.137946456,-0.107521649,0.493191394,0.281161152,-0.288065754,0.756165498,-0.17650813,-0.137592679,0.091654701,0.593664011,0.083517834,0.131277705,0.245311767,0.145075001,0.061111969,-2.183955742,-3.442104045,-0.005280148,0.459346745,0.149084472,0.059578936,0.289887647,1.006757413,-0.311415024,-0.787598626,0.291302754,-0.047733367,0.361350565,-0.11046979,0.28658573,-0.281108143,0.395431065,0.10509822,0.539300306,-0.247853122,-0.046082408,0.53033796,-0.018016114,-2.815565294,NA,NA,NA,NA,NA,NA
4,0.137409837,0.327152139,-0.052332465,0.137409837,0.137409837,0.000380281,0.389298934,0.173377147,0.247080652,-0.086059189,-0.063181621,0.300972654,-0.022733138,0.191773542,0.094013213,0.28068945,0.166891239,-0.032167186,0.630574726,-0.209763151,-0.074856256,0.213471853,0.017125717,0.507932095,0.015120982,-0.001860305,0.139296646,0.274793169,0.137409837,-0.191720533,NA,NA,NA,NA,NA,NA,NA,NA,NA,NA,NA,NA,NA,NA,NA,NA,NA,NA,NA,NA
5,-1.31366476,-0.158347586,0.980695854,0.112173757,-0.070846786,0.283519664,0.129626747,0.118423814,-0.325919874,0.2565147,0.242127776,0.123730466,2.60736168,-0.17167318,0.235523942,-0.118960433,0.138589093,0.232811653,0.450974026,-2.181715155,-0.503987541,0.112055831,-1.629587462,-0.048794697,0.350265558,0.079508364,0.316892611,-0.115540591,0.501799963,1.2760995,0.388945157,NA,NA,NA,NA,NA,NA,NA,NA,NA,NA,NA,NA,NA,NA,NA,NA,NA,NA,NA
6,-0.032167186,-2.136903424,-0.275447714,0.470785528,0.190594286,-0.087238445,0.082692355,0.542012595,1.762660556,4.589809064,-0.190895054,-0.098323452,0.392482925,-0.057285341,0.673853424,-0.637361403,0.446257002,-3.355074947,0.200735888,0.143306117,0.533050249,0.095428321,-0.19313564,-1.355528351,-3.898004443,-2.246928016,-0.186885583,0.422082253,0.219486059,-0.482407155,0.668900549,0.075616819,0.09814061,0.127504086,-3.391631885,0.059696862,0.087291454,0.135405101,-0.033464368,0.467719463,-0.257051319,0.153801496,0.223967232,0.264533641,0.266302525,-4.001189349,NA,NA,NA,NA
7,-1.415080783,-2.825824822,-0.140540819,-1.404113701,2.955360147,-3.920882011,2.007827893,-1.697276761,-3.829017963,-1.40788732,0.061701597,-3.235498382,-2.683842391,-0.206225383,-2.245159132,-1.180880527,-3.183257337,-2.2583668,-3.172644033,-1.289607936,-0.630050015,0.09248018,0.233519207,0.222080423,0.240594743,-0.252334295,-1.788079478,-0.553634222,-1.51744021,-3.949773785,-1.797041824,-1.066374762,-1.423807277,-2.726531461,-0.04549278,-2.759904408,0.887534624,-0.017190634,-2.479241462,-1.67097935,0.21465111,-3.670408021,-0.404340403,-2.444453408,NA,NA,NA,NA,NA,NA
8,-2.439382607,0.079154587,-0.266603294,0.106749179,1.102277155,1.901223144,-0.331344452,0.233047504,0.219368134,0.182929121,-1.346801856,-3.457198523,0.53812105,3.130007972,-0.361179631,0.35156274,0.144131596,0.128919193,3.538973978,0.664065599,0.357105243,-0.16094195,-3.1517712,0.034696633,0.527979448,0.005097305,0.449440994,1.005578157,4.21810755,NA,NA,NA,NA,NA,NA,NA,NA,NA,NA,NA,NA,NA,NA,NA,NA,NA,NA,NA,NA,NA
9,0.137409837,0.137409837,0.137409837,0.137409837,0.137409837,0.137409837,0.137409837,0.137409837,0.137409837,0.137409837,-0.195730004,0.470549677,0.137409837,-2.375466928,-3.245993761,0.383402653,0.137409837,-0.10858298,0.137409837,0.137409837,-1.532298836,-4.089161852,0.137409837,0.137409837,0.137409837,0.137409837,0.137409837,0.137409837,0.137409837,0.027503171,0.2468448,0.544017331,0.056866647,-0.49113365,0.366893068,0.137409837,0.137409837,0.137409837,-0.258820204,0.533639877,-0.13488039,0.387883827,0.159108149,0.245193842,0.02538051,0.244486288,0.23316543,-0.08146009,0.137409837,-0.056341936
10,-0.235117156,0.241184371,0.558875957,0.023965403,-0.169550519,0.158400595,0.11665493,0.19531131,0.100027419,0.4361154,0.178801725,0.264769493,-0.172262808,-0.038653095,0.619843496,-0.152923008,-0.095021535,0.483285643,0.1934245,-0.119432136,0.626093553,0.050144887,-0.345967227,0.465478876,-0.005869776,0.289769721,-0.149739017,0.085994272,0.572791179,-1.576992641,NA,NA,NA,NA,NA,NA,NA,NA,NA,NA,NA,NA,NA,NA,NA,NA,NA,NA,NA,NA
11,0.1059237,0.48847437,-0.334174667,0.383874356,0.355690136,-0.027686013,-0.027332237,-0.177097758,0.122197433,0.135523027,0.209580308,0.301444356,0.525974713,-0.259527757,0.469488347,-0.121554797,0.272788434,-0.086177115,0.286821581,0.169367676,0.054508135,0.042243872,0.36040716,-0.114007558,0.221962497,0.015946461,0.653806071,-0.087120519,-0.105516914,-1.202107136,NA,NA,NA,NA,NA,NA,NA,NA,NA,NA,NA,NA,NA,NA,NA,NA,NA,NA,NA,NA
12,0.143424043,-0.01919537,0.293661266,0.100617047,0.049083557,0.009578479,0.283283813,0.319486974,0.165594057,0.117008707,0.208518978,-0.419081104,0.640008775,0.140947605,0.030923013,0.033517377,0.239769264,-0.248560676,0.560762767,0.080569694,-0.015067973,0.473615743,0.037762699,0.003918049,0.052031697,0.223849307,0.482696015,-0.497501633,0.597673482,-0.895500557,NA,NA,NA,NA,NA,NA,NA,NA,NA,NA,NA,NA,NA,NA,NA,NA,NA,NA,NA,NA
13,0.004507677,0.590715871,-0.480520345,0.468191165,0.036583443,0.265594972,0.302977389,-0.289127085,0.635999304,-0.038535169,-0.142309704,0.171254486,0.367364771,-0.045374854,0.192599021,0.034696633,0.294486746,-0.263537228,0.563592981,-0.055280605,0.513356673,-1.323452586,NA,NA,NA,NA,NA,NA,NA,NA,NA,NA,NA,NA,NA,NA,NA,NA,NA,NA,NA,NA,NA,NA,NA,NA,NA,NA,NA,NA
14,-0.079455355,0.374676159,-0.154573967,-0.097733824,0.402152825,0.160877033,-0.109290534,0.623617115,-0.375448629,0.055097763,0.076442298,-0.295259216,0.014767205,0.159815702,0.466776058,-0.126743523,0.064060109,0.349440079,0.272906359,0.165004429,NA,NA,NA,NA,NA,NA,NA,NA,NA,NA,NA,NA,NA,NA,NA,NA,NA,NA,NA,NA,NA,NA,NA,NA,NA,NA,NA,NA,NA,NA
15,0.055215689,0.194957533,-0.099738559,0.391303669,-0.305282893,0.285878176,0.660645756,-0.678871217,0.289298019,0.149556174,0.019248378,0.146843885,0.488946072,-0.013299089,0.006512413,0.629277545,-0.228395397,0.5622958,-0.290306341,0.292717862,0.107928435,-0.092780949,0.005686933,0.555220263,0.173966775,-0.304929116,0.275736574,NA,NA,NA,NA,NA,NA,NA,NA,NA,NA,NA,NA,NA,NA,NA,NA,NA,NA,NA,NA,NA,NA,NA
16,0.018304973,0.459700521,0.134697548,0.066300696,0.130098449,-0.06105896,-0.04844092,0.277387533,0.334817303,0.075616819,0.246491023,0.010757735,0.03422493,0.217953027,0.233637132,0.237410752,0.135051325,0.100145345,-0.117191549,0.487530965,0.194485831,-0.141012522,-0.161295726,0.396964098,0.515125557,-0.093488502,-0.310353694,0.325619106,0.499677302,0.010050181,-2.857664736,NA,NA,NA,NA,NA,NA,NA,NA,NA,NA,NA,NA,NA,NA,NA,NA,NA,NA,NA
17,-3.649535189,0.010639809,0.244486288,0.383638505,0.121843657,0.125971053,-0.044077673,0.123022913,0.021135188,-0.025681278,0.843312522,0.774443967,-0.050091879,0.397553726,-0.007756586,3.267745081,-1.265551113,0.38375643,-0.268136327,-1.663432111,3.115621048,0.099791568,-0.308938587,NA,NA,NA,NA,NA,NA,NA,NA,NA,NA,NA,NA,NA,NA,NA,NA,NA,NA,NA,NA,NA,NA,NA,NA,NA,NA,NA
18,0.363237375,0.054036432,0.219368134,-0.327806684,0.196844343,-0.075327959,0.662296715,0.096607577,0.190240509,-0.149856942,0.255807146,0.229745587,0.194014128,-0.120611392,0.49731879,0.005922785,0.146843885,-0.116483996,0.395784842,0.254156188,-0.133936985,0.113942641,0.534937059,0.058753457,-0.284881763,0.312175587,0.151207133,-0.003982966,0.14377782,-0.680286324,NA,NA,NA,NA,NA,NA,NA,NA,NA,NA,NA,NA,NA,NA,NA,NA,NA,NA,NA,NA
19,-2.738913649,0.305689678,0.160051553,3.223051276,0.402506602,0.188943327,0.138824944,0.023611626,0.8100575,-1.293145705,1.145084151,-0.12898411,0.174320552,2.85193939,0.1496741,0.427388905,-0.17462132,0.124555946,0.079744215,1.630230099,-0.022615212,0.517248218,0.275500723,-0.332169931,-1.169795519,3.513973749,0.361114714,0.029743757,-3.344107866,NA,NA,NA,NA,NA,NA,NA,NA,NA,NA,NA,NA,NA,NA,NA,NA,NA,NA,NA,NA,NA
20,-2.497873708,0.574795914,3.043096799,-2.566860188,0.035168335,-0.209173523,0.006512413,-1.527228035,2.545568662,-0.158583437,-1.307178852,1.243316181,0.282694185,-0.052922093,3.938741786,0.279628119,-1.245032057,-2.074167001,1.339661403,-0.021789733,-0.764603133,-0.953873733,-3.742460567,0.139178721,0.663358045,-0.384175124,-1.420741212,-0.040304053,-0.170375998,0.54590414,0.083164057,0.060994043,-0.289362936,0.278213012,0.276679979,0.384699835,-0.056695713,-2.518628615,NA,NA,NA,NA,NA,NA,NA,NA,NA,NA,NA,NA
21,0.415950121,0.123140838,0.129980524,0.11370679,0.115593599,0.291302754,0.433638962,0.137409837,0.137409837,0.137409837,0.137409837,0.137409837,-0.251508816,0.526328489,0.137409837,0.137409837,-0.175093022,0.449912696,0.137409837,0.137409837,-2.126761822,-0.428751004,-0.019431221,-3.43526436,-0.04443145,0.40120942,-0.020728403,0.022786147,-0.235588859,0.214415258,0.01759742,0.525149233,NA,NA,NA,NA,NA,NA,NA,NA,NA,NA,NA,NA,NA,NA,NA,NA,NA,NA
22,-0.084644082,-0.081813867,0.630338875,-0.104691435,0.523734126,-0.278395854,0.326090808,-0.231697314,0.627862437,0.03988536,-0.121672722,0.057810052,0.480573354,-0.218725497,0.796849832,0.039177806,-0.238890776,0.113588864,0.10403689,0.067008249,0.129626747,0.494724427,0.215830366,-0.403161147,0.3730252,0.455808976,-0.145375769,-0.356580532,0.773146785,0.034696633,-2.280890591,NA,NA,NA,NA,NA,NA,NA,NA,NA,NA,NA,NA,NA,NA,NA,NA,NA,NA,NA
23,-0.248678601,0.574442137,0.236585272,0.19825945,0.066418621,-0.13087092,0.585998847,0.059343085,0.141301382,-0.026860534,0.164414801,-0.239480404,0.100734973,0.126560681,0.138235316,0.436940879,0.369487432,-0.175328874,0.229981438,-0.006813181,0.387176273,-0.014950048,0.094602841,0.494606501,-0.393962949,0.539064455,-0.220140604,0.130216375,0.223967232,0.055687391,-2.505774724,NA,NA,NA,NA,NA,NA,NA,NA,NA,NA,NA,NA,NA,NA,NA,NA,NA,NA,NA
24,0.034578707,0.123966318,0.466658132,0.120782326,-0.193371492,0.450502324,-0.271202392,0.410407618,0.098022684,-0.265188186,0.526918117,0.154626975,-0.095375312,0.269368591,0.140947605,0.357223169,-0.154456041,0.152268463,0.566776973,-0.287004424,0.061465746,-2.054237574,NA,NA,NA,NA,NA,NA,NA,NA,NA,NA,NA,NA,NA,NA,NA,NA,NA,NA,NA,NA,NA,NA,NA,NA,NA,NA,NA,NA
25,-0.14938524,2.282712484,1.552988826,0.065357291,2.278113385,NA,NA,NA,NA,NA,NA,NA,NA,NA,NA,NA,NA,NA,NA,NA,NA,NA,NA,NA,NA,NA,NA,NA,NA,NA,NA,NA,NA,NA,NA,NA,NA,NA,NA,NA,NA,NA,NA,NA,NA,NA,NA,NA,NA,NA
26,-0.498209186,0.252151453,0.366185515,0.014059652,0.196962268,-0.006459404,0.459582596,0.210523713,-2.485845296,-3.561916462,0.490950807,0.041064616,0.283755515,-0.015185899,0.325972883,0.157693041,-2.225583481,-3.730196304,0.158400595,0.180098907,0.267481782,0.155334529,0.151089207,-0.087945999,0.156867562,0.047786375,0.088352784,0.336232411,-0.23771152,0.471728933,-0.166012751,0.440360722,-1.420741212,-1.306235447,NA,NA,NA,NA,NA,NA,NA,NA,NA,NA,NA,NA,NA,NA,NA,NA
27,0.004861454,0.482460164,0.233401281,-0.712126238,0.399440536,0.575857244,0.008163371,-0.11046979,0.536823868,-0.345023822,0.457342009,-0.15905514,0.709584883,-0.223442521,0.439653168,-0.323679288,-0.16094195,0.735764368,0.403567932,-0.501982806,0.440124871,0.599678217,-0.560238056,-0.122144425,0.582343153,0.029036204,0.476445958,-0.222499117,-0.385472306,NA,NA,NA,NA,NA,NA,NA,NA,NA,NA,NA,NA,NA,NA,NA,NA,NA,NA,NA,NA,NA
28,-3.788451554,0.419487889,-0.162828759,0.372317646,0.312647289,-0.227098215,0.270076145,-3.005307596,0.357812797,0.34106736,-0.803164807,0.249439164,0.149438249,0.115593599,0.523144498,-0.503869615,-0.828282961,0.398968834,0.34778912,0.152976017,-0.345377599,1.796505205,-1.777937876,0.460997703,0.061937448,-0.087828073,0.192481095,-2.577945196,-0.005987702,-0.242782321,2.188018221,NA,NA,NA,NA,NA,NA,NA,NA,NA,NA,NA,NA,NA,NA,NA,NA,NA,NA,NA
29,0.263354385,-0.049384325,0.197669822,0.360643011,-0.243136098,0.114414343,0.374794084,0.389181008,-0.074974182,-0.119785913,0.507696244,-0.088417701,0.382341323,-0.221437786,-2.21084278,-0.308702735,-0.02214351,0.255571295,0.010403958,0.126796532,0.10509822,0.079744215,0.591187573,-0.166484453,0.085640495,0.141655159,0.117598335,0.352741996,0.304274571,-0.365660804,0.220783241,-2.859669471,NA,NA,NA,NA,NA,NA,NA,NA,NA,NA,NA,NA,NA,NA,NA,NA,NA,NA
30,-0.447972878,0.105334072,0.577744054,0.198141524,0.186231038,-0.26884388,0.202386846,0.226089893,0.300500952,2.476935959,-0.103865956,0.37007706,0.188471625,0.688829976,-2.538440117,0.45062025,0.056630796,-0.148441835,0.261703427,-0.024973724,-2.019803296,2.606654127,0.122197433,1.591078797,0.554041007,-0.282877027,0.397671652,0.111230352,0.184344228,0.098730238,-0.093488502,0.384463984,0.123140838,-0.055280605,0.341185286,0.241420222,0.403685858,-0.832174506,NA,NA,NA,NA,NA,NA,NA,NA,NA,NA,NA,NA
31,-3.404839553,-2.702002934,-0.758588927,0.601093324,-1.754706531,-0.835712274,0.358638276,0.503332996,-0.01353494,0.970082549,0.093541511,0.027974873,-3.463920283,0.254981667,0.126442755,0.271137475,-0.240541734,0.154037347,0.112527534,0.327741767,0.479394098,-3.03903432,0.331633312,-0.285589316,0.592484755,-0.339009616,1.630937652,1.907119425,2.171626562,-1.728762898,1.361831417,NA,NA,NA,NA,NA,NA,NA,NA,NA,NA,NA,NA,NA,NA,NA,NA,NA,NA,NA
32,-2.035605328,-1.268735104,-0.39502428,-0.870972031,-0.351863508,4.081903473,-1.670507648,2.177404916,0.299793398,-2.449877986,-0.107521649,0.375737489,-0.335825625,0.157339264,0.540951265,0.084107462,1.188480774,0.223377604,0.458992968,-0.374976927,0.668782623,-0.224150075,-0.020846328,-2.354594095,4.194404503,0.137881539,-0.036176657,2.555356488,-0.098795155,-3.991047747,NA,NA,NA,NA,NA,NA,NA,NA,NA,NA,NA,NA,NA,NA,NA,NA,NA,NA,NA,NA
33,0.029861683,0.20981616,0.125617276,-0.047497515,0.441068275,0.306043455,-0.058582522,-0.179338344,0.55557404,-0.249032378,0.229509736,0.157693041,0.248377833,0.254274114,0.297081109,-0.489836468,0.348732525,0.304628348,0.349322153,-0.118017029,0.274557318,-0.708706395,-3.637624702,NA,NA,NA,NA,NA,NA,NA,NA,NA,NA,NA,NA,NA,NA,NA,NA,NA,NA,NA,NA,NA,NA,NA,NA,NA,NA,NA
34,0.252269378,0.00981433,0.30592553,-0.269551434,0.503922624,-0.116601921,0.387883827,0.030687162,0.299911324,-0.07851195,0.290359349,-0.539011446,NA,NA,NA,NA,NA,NA,NA,NA,NA,NA,NA,NA,NA,NA,NA,NA,NA,NA,NA,NA,NA,NA,NA,NA,NA,NA,NA,NA,NA,NA,NA,NA,NA,NA,NA,NA,NA,NA
35,0.134343771,0.27502902,0.082692355,0.114296418,0.122433285,0.320430379,0.075263042,-0.065422208,-1.498572112,NA,NA,NA,NA,NA,NA,NA,NA,NA,NA,NA,NA,NA,NA,NA,NA,NA,NA,NA,NA,NA,NA,NA,NA,NA,NA,NA,NA,NA,NA,NA,NA,NA,NA,NA,NA,NA,NA,NA,NA,NA
36,0.036937219,0.074201711,-0.052450391,-3.348706964,0.485880006,-0.107993352,0.032338121,0.22538234,-0.127451077,0.227740852,-0.080752537,0.67986763,-0.119903838,0.090475445,0.34672779,-0.173795841,0.54000786,-0.170847701,0.343307947,0.212292597,-0.107875426,0.290241424,0.099555717,0.297788663,0.312175587,-0.06483258,-0.264126856,0.362765672,0.067126175,0.44389849,0.125145574,NA,NA,NA,NA,NA,NA,NA,NA,NA,NA,NA,NA,NA,NA,NA,NA,NA,NA,NA
37,-0.096082866,0.48281394,-0.112946227,0.379039406,0.042479723,0.159579851,0.256750551,-0.169078816,0.446257002,-0.35233521,0.470431752,0.175853585,0.217835101,0.116065302,0.173730924,-0.138064382,0.649206972,-0.356580532,0.044248607,0.385053612,0.096843428,0.288354614,0.116065302,-0.142309704,0.494606501,0.026088064,0.15450905,-0.31341976,0.855812636,-0.38240624,-3.606964044,0.285642325,1.755231242,0.292835787,2.44710078,0.419252038,-0.056931564,0.226915373,0.210052011,0.308166116,-1.917797646,0.153447719,0.541776744,-0.284056284,-4.047534113,-3.371702458,-0.087945999,-0.759886109,1.710183661,-2.282895326
38,0.262646832,-0.22804162,0.04684297,NA,NA,NA,NA,NA,NA,NA,NA,NA,NA,NA,NA,NA,NA,NA,NA,NA,NA,NA,NA,NA,NA,NA,NA,NA,NA,NA,NA,NA,NA,NA,NA,NA,NA,NA,NA,NA,NA,NA,NA,NA,NA,NA,NA,NA,NA,NA
39,-0.244433279,0.067833728,0.567956229,-0.179574195,-0.076271364,0.495196129,0.189061253,0.06134782,0.116537004,0.088824487,0.336939964,0.008635074,-0.227216141,0.403332081,0.232104099,-0.033228517,0.439299391,-0.020138775,0.158872297,0.190240509,0.094249065,-0.081224239,0.333520122,-0.031577558,0.326680436,-0.29219315,0.412058576,0.024437105,-0.056341936,0.166655387,0.272906359,0.137409837,0.378803555,NA,NA,NA,NA,NA,NA,NA,NA,NA,NA,NA,NA,NA,NA,NA,NA,NA
40,-0.097380047,0.025144659,0.392836702,0.427153054,0.25462789,-0.3794581,0.3633553,-1.210361928,NA,NA,NA,NA,NA,NA,NA,NA,NA,NA,NA,NA,NA,NA,NA,NA,NA,NA,NA,NA,NA,NA,NA,NA,NA,NA,NA,NA,NA,NA,NA,NA,NA,NA,NA,NA,NA,NA,NA,NA,NA,NA
41,0.29436882,0.275264872,0.005215231,0.089178263,-0.084526156,0.129155044,0.087055602,0.407813254,-0.139597415,0.081395173,0.240830594,0.485880006,0.17302337,-0.259527757,0.153447719,0.557342924,1.116428228,-1.984071837,-0.228985025,0.165829908,0.34000603,0.05545154,-2.662262005,NA,NA,NA,NA,NA,NA,NA,NA,NA,NA,NA,NA,NA,NA,NA,NA,NA,NA,NA,NA,NA,NA,NA,NA,NA,NA,NA
42,-0.00657733,-0.045846557,1.436596252,-0.386651562,0.537177645,4.287801584,0.269722368,0.116419079,0.014885131,0.301798133,-0.453869158,0.744137086,0.012054916,0.142480638,1.133999144,-0.370141977,0.474677073,-3.687389308,0.285878176,-1.160951099,0.409817989,0.472200636,0.039531583,-0.081813867,0.242481553,0.907699903,-0.666135251,0.320430379,-2.295159589,-2.208838045,NA,NA,NA,NA,NA,NA,NA,NA,NA,NA,NA,NA,NA,NA,NA,NA,NA,NA,NA,NA
43,0.513120821,0.081866876,0.343897575,0.396610321,-0.842080257,0.350501409,0.447200407,-0.109526385,0.075616819,0.390360264,0.095192469,-1.372037936,-0.108465054,-0.631347197,-1.812608005,-0.107403724,-0.031695484,0.787179933,-1.02026585,0.192716947,0.223613456,0.320312454,3.745579641,0.279981896,-2.811319972,0.754514539,0.368308176,-1.935722339,-0.289598787,2.767504655,NA,NA,NA,NA,NA,NA,NA,NA,NA,NA,NA,NA,NA,NA,NA,NA,NA,NA,NA,NA
44,-0.172852436,0.279156417,0.467955314,0.125853127,-0.018134039,0.084579165,0.428568161,-0.112710376,0.279274342,-0.218017943,0.254509965,0.088824487,0.483167717,-0.295141291,0.373261051,0.383520579,-0.094313981,-0.124620863,0.026323915,0.44684663,0.1059237,-0.058818374,0.269250666,0.044248607,0.620904826,-0.299150761,0.074201711,0.224674786,0.149438249,-3.896825187,NA,NA,NA,NA,NA,NA,NA,NA,NA,NA,NA,NA,NA,NA,NA,NA,NA,NA,NA,NA
45,-0.505048871,-0.347736111,0.550267388,-0.148913538,0.502507517,0.151914686,-0.070493009,-0.017544411,0.168895974,-0.104337658,-0.765782389,0.900978144,0.186820666,0.390714041,1.681763589,-0.035704955,0.418426559,0.471846859,-0.652691732,0.744137086,-0.072143967,0.084579165,-0.264244781,-0.174385469,0.508757574,0.137409837,0.137409837,0.137409837,0.137409837,-2.19716341,NA,NA,NA,NA,NA,NA,NA,NA,NA,NA,NA,NA,NA,NA,NA,NA,NA,NA,NA,NA
46,-2.946226867,0.074319637,-0.098441378,0.440242796,0.104980295,0.447554184,1.374449457,0.200735888,-0.036884211,-0.054101349,0.628098288,-0.124385011,-0.291603522,2.026931842,0.423143583,0.198849078,-0.32415099,0.059578936,0.595079118,-0.272027872,0.651093782,-0.072261893,-0.015539676,0.22349553,0.493545171,-0.136413423,-0.173795841,0.363237375,0.050498664,0.332458791,-0.981822102,NA,NA,NA,NA,NA,NA,NA,NA,NA,NA,NA,NA,NA,NA,NA,NA,NA,NA,NA
47,0.258165659,-0.031341707,0.113470939,0.410407618,-0.408114022,0.388119678,0.214297333,0.197551896,0.077385703,-0.06884205,1.594970342,0.260642096,-0.263537228,-0.697857239,0.002738793,0.096017949,0.290477275,0.292599936,-0.228867099,-0.013063238,0.288354614,0.040357062,0.278920565,0.152268463,-0.065775985,NA,NA,NA,NA,NA,NA,NA,NA,NA,NA,NA,NA,NA,NA,NA,NA,NA,NA,NA,NA,NA,NA,NA,NA,NA
48,0.048022226,0.00309257,0.201915144,0.405218891,-0.219550976,0.211113341,0.438120135,0.077385703,0.048376003,-0.17355999,0.724561435,0.021017262,-0.072261893,0.461469405,0.035875889,0.187292369,0.028092799,-1.005525149,NA,NA,NA,NA,NA,NA,NA,NA,NA,NA,NA,NA,NA,NA,NA,NA,NA,NA,NA,NA,NA,NA,NA,NA,NA,NA,NA,NA,NA,NA,NA,NA
49,-0.30481119,0.351326888,0.222552125,0.158636446,0.212292597,-0.103630104,0.316892611,-0.121083094,0.132810738,-2.286904797,-0.087828073,0.222552125,0.254274114,-0.729933004,0.290831052,2.714673983,0.378449778,-1.532652613,-0.322146255,-0.498798814,-0.019549146,0.474912925,0.249910866,-0.153158859,-3.391396034,-1.457651927,0.208047276,-0.324268916,0.367954399,-0.611181918,0.135994729,0.254863742,NA,NA,NA,NA,NA,NA,NA,NA,NA,NA,NA,NA,NA,NA,NA,NA,NA,NA
50,-3.900127104,-0.262240046,-0.613186653,0.218070952,0.295548076,-0.076978917,1.686008911,-2.832074879,2.421275072,-1.350221699,-1.858834843,-3.882909965,-0.382877942,1.017960346,0.238943785,-0.005633925,0.041182541,0.506870764,2.562078247,3.609493491,-1.134181986,0.54000786,-0.377689216,2.523044871,0.610527373,-0.255872063,-0.254103179,0.037526847,-0.341486054,0.211938821,0.387883827,-3.457080598,0.150853356,NA,NA,NA,NA,NA,NA,NA,NA,NA,NA,NA,NA,NA,NA,NA,NA,NA
51,-0.096790419,-1.752701796,-1.396802313,0.747085226,0.522436944,0.263708162,-0.445614365,1.360298384,1.19154684,2.637668561,-0.503515839,3.45489302,-3.824772641,0.190240509,0.496729162,-3.052359913,-2.811437898,-0.296438472,0.03505041,3.505011403,0.218778506,1.320085752,0.935412421,-4.033500966,3.337792892,0.029507906,0.843194596,-1.792206874,-0.423680202,-1.166611528,-0.270258987,-2.470750819,NA,NA,NA,NA,NA,NA,NA,NA,NA,NA,NA,NA,NA,NA,NA,NA,NA,NA
52,0.898147929,4.335207678,-1.308593959,-0.027921865,0.883878931,0.720551965,-2.223932523,-0.141838001,-0.232286942,1.071734423,0.024201254,-1.156705777,-0.445732291,1.727047022,-1.847160207,-2.619337084,0.588475284,0.422907732,2.53436573,-3.444816334,-1.25729632,0.639301221,1.332350015,1.727872502,0.450974026,-1.553053743,-2.648228857,0.067951654,0.051088292,-0.131814325,NA,NA,NA,NA,NA,NA,NA,NA,NA,NA,NA,NA,NA,NA,NA,NA,NA,NA,NA,NA
53,0.054979837,0.087055602,0.372317646,0.333402196,3.19286232,4.670823956,-0.295377142,0.289415945,2.894274683,0.141773084,-2.215559804,-0.390071404,2.825288203,0.641070105,-2.396693537,NA,NA,NA,NA,NA,NA,NA,NA,NA,NA,NA,NA,NA,NA,NA,NA,NA,NA,NA,NA,NA,NA,NA,NA,NA,NA,NA,NA,NA,NA,NA,NA,NA,NA,NA
54,0.086937677,0.464889248,0.006630338,-0.334528443,0.466422281,0.277387533,0.095782097,-0.221437786,0.393308404,-0.089361106,0.501210335,-0.060233481,0.312411438,0.227858778,-0.372618415,0.043305202,0.625857702,-0.147616356,0.480219577,-0.405047957,0.343190021,0.278330937,0.254274114,-0.360707928,0.463356215,0.171018635,0.330571981,0.104980295,-0.269197657,-3.292810227,NA,NA,NA,NA,NA,NA,NA,NA,NA,NA,NA,NA,NA,NA,NA,NA,NA,NA,NA,NA
55,-3.968523956,0.023375775,0.222198348,1.090130818,0.976686383,-3.704606447,0.050970367,-0.441958672,-0.335118071,-0.197734739,0.368072325,0.360996788,-0.088653552,-0.1270973,0.326562511,0.040357062,0.647556014,-0.381462835,0.528097374,0.198141524,-0.297617728,-0.01730856,0.120192698,0.548380578,-0.144432365,0.294722597,-0.309410289,0.688947902,0.054861912,-0.421793393,-0.459057885,NA,NA,NA,NA,NA,NA,NA,NA,NA,NA,NA,NA,NA,NA,NA,NA,NA,NA,NA
56,0.168070495,0.474912925,-0.738777425,0.675858159,-0.703163892,NA,NA,NA,NA,NA,NA,NA,NA,NA,NA,NA,NA,NA,NA,NA,NA,NA,NA,NA,NA,NA,NA,NA,NA,NA,NA,NA,NA,NA,NA,NA,NA,NA,NA,NA,NA,NA,NA,NA,NA,NA,NA,NA,NA,NA
57,-1.955297989,-0.805405393,0.500031079,-0.159173065,0.08953204,0.163589322,0.035286261,-0.11153112,-0.219904753,0.210405788,-0.265541963,-1.833244986,0.587060177,-0.054101349,-0.069549604,0.421728476,0.326916288,-0.455873893,0.120900252,0.610999075,0.492837617,-1.182531485,0.129626747,0.4895357,-3.130898368,2.827057087,4.053837179,2.557361223,2.65E-05,NA,NA,NA,NA,NA,NA,NA,NA,NA,NA,NA,NA,NA,NA,NA,NA,NA,NA,NA,NA,NA
58,-1.459892513,0.120664401,0.179273427,0.417365228,-0.592903449,-1.832773283,4.533204772,0.46241281,-2.771932819,-3.271111915,0.55852218,-0.123323681,0.531045514,-0.093370577,4.737451924,0.157575116,0.301444356,-0.09006866,0.777274182,-0.908472374,0.078447033,0.487766816,-3.266630742,0.272434657,-0.087592222,0.369369506,0.154980752,0.590126243,4.562686174,0.583168632,0.107102956,-2.132304326,NA,NA,NA,NA,NA,NA,NA,NA,NA,NA,NA,NA,NA,NA,NA,NA,NA,NA
59,-0.037237988,-0.068252422,0.450974026,0.518545399,-0.40952913,0.515361408,-0.370259902,0.545786215,-0.03770969,0.485880006,0.187056517,-0.083700677,0.380100736,-0.252688072,0.054743986,0.356869392,0.152386389,-0.112828302,0.262175129,3.926477523,-0.318490561,0.396492396,0.480101651,-0.037237988,NA,NA,NA,NA,NA,NA,NA,NA,NA,NA,NA,NA,NA,NA,NA,NA,NA,NA,NA,NA,NA,NA,NA,NA,NA,NA
60,-0.241838916,-0.073794926,-0.015539676,0.414535014,0.419487889,0.122079508,-0.042072937,-0.114125483,0.424204914,-0.021200105,0.595668747,-0.214598101,0.032456046,0.187881997,0.459818447,0.089414115,-0.235706785,0.706400892,0.158164744,-2.56627056,NA,NA,NA,NA,NA,NA,NA,NA,NA,NA,NA,NA,NA,NA,NA,NA,NA,NA,NA,NA,NA,NA,NA,NA,NA,NA,NA,NA,NA,NA
61,-1.52144968,0.192245244,1.256877626,0.167834643,0.054861912,2.031413015,0.05167792,-3.100119784,-1.673573714,-0.400566783,0.108635989,0.48764889,2.628824141,1.995327779,0.098022684,-0.73488588,0.453686315,4.456317276,0.22160872,-0.263655153,0.239179636,0.316774685,-0.13971534,-0.922623447,0.18858955,-1.726994014,0.294722597,0.385997017,0.118187963,-3.267692072,NA,NA,NA,NA,NA,NA,NA,NA,NA,NA,NA,NA,NA,NA,NA,NA,NA,NA,NA,NA
62,0.157928892,0.13222111,-0.061530663,0.388001752,-0.168960891,0.363473226,-0.003157487,0.073140381,0.289062168,-0.893259971,-0.20280554,0.585291293,0.701448016,0.852156942,-0.297381877,0.056277019,0.187881997,0.467837388,-0.131460548,0.063352555,0.234816388,-0.142427629,0.600739548,-1.226517737,0.237646603,-1.368853945,-0.090304511,-0.02697846,0.118423814,0.169367676,-0.198206441,NA,NA,NA,NA,NA,NA,NA,NA,NA,NA,NA,NA,NA,NA,NA,NA,NA,NA,NA
63,0.15156091,-0.199975326,0.409582138,-0.148559761,0.625268074,-0.174385469,0.133282441,0.198023599,0.349204227,0.011583214,0.111702054,0.270429922,0.154273199,0.02538051,0.132103184,0.165358206,0.343897575,-0.348679516,0.700386686,-0.059054225,-0.011176428,0.03905988,0.337293741,-0.183701592,0.356043913,-1.618266604,NA,NA,NA,NA,NA,NA,NA,NA,NA,NA,NA,NA,NA,NA,NA,NA,NA,NA,NA,NA,NA,NA,NA,NA
64,-0.354457871,0.097550982,0.108282212,0.343779649,0.444606044,0.135758878,-0.369316498,0.499913153,-0.067544869,0.517012366,0.036229666,0.01571061,-0.058582522,0.408874585,-0.419199029,-0.334410518,0.27502902,0.040239136,0.131395631,-0.258466427,0.405218891,0.334935229,0.060168564,-0.086412966,-0.000798975,0.539064455,0.145192927,0.099555717,-0.038181392,0.381162067,0.08174895,-0.138418159,0.150499579,-1.560600982,NA,NA,NA,NA,NA,NA,NA,NA,NA,NA,NA,NA,NA,NA,NA,NA
65,0.398615057,-0.258938129,0.28469892,0.25462789,0.233401281,-0.217192464,0.265359121,0.151089207,0.066300696,0.313944471,0.131277705,-0.337122807,0.381633769,0.33517108,0.184933856,-0.080516685,0.337765443,0.126206904,-0.082875198,0.106867104,0.031040939,0.239179636,0.383166802,0.099909494,0.345784385,-0.399151676,0.530809663,-0.251037113,0.289415945,NA,NA,NA,NA,NA,NA,NA,NA,NA,NA,NA,NA,NA,NA,NA,NA,NA,NA,NA,NA,NA
66,0.271373327,0.113588864,0.190712211,-0.103394253,-0.118606657,0.186584815,0.268896889,0.209226532,0.308284042,0.222787976,0.166773313,0.250854271,-0.502926211,0.387765901,-0.089125255,-3.610265961,NA,NA,NA,NA,NA,NA,NA,NA,NA,NA,NA,NA,NA,NA,NA,NA,NA,NA,NA,NA,NA,NA,NA,NA,NA,NA,NA,NA,NA,NA,NA,NA,NA,NA
67,-0.066483538,0.418308633,-0.176626055,0.519017102,0.029979609,0.23021729,-0.251508816,0.824798201,1.706056264,0.006630338,-2.853773191,1.078338257,1.190485509,0.049437334,2.805122924,3.509964278,NA,NA,NA,NA,NA,NA,NA,NA,NA,NA,NA,NA,NA,NA,NA,NA,NA,NA,NA,NA,NA,NA,NA,NA,NA,NA,NA,NA,NA,NA,NA,NA,NA,NA
68,-3.192337609,0.210995416,3.117743709,-0.002921636,0.474441222,0.197669822,-0.739956681,0.452035357,-0.103040476,0.333638047,-2.3021172,0.099909494,-0.127451077,0.155924157,-1.021563031,-0.009407544,3.362911046,0.446492853,-0.59207797,-2.421104138,-3.07016668,-0.741961416,-0.223796298,NA,NA,NA,NA,NA,NA,NA,NA,NA,NA,NA,NA,NA,NA,NA,NA,NA,NA,NA,NA,NA,NA,NA,NA,NA,NA,NA
69,0.041536318,0.033045674,0.389181008,-3.321702,0.090475445,0.892841277,-0.017190634,0.138707018,0.203212326,-0.136413423,3.296518929,0.238707933,2.026106362,0.410761394,-2.274286757,0.028800353,0.408167031,-0.235353008,0.904987614,-3.176417652,0.074083786,0.499441451,-0.017544411,-0.200329102,1.331878313,-2.281362293,1.183409973,0.268307261,0.013941726,-1.146917952,NA,NA,NA,NA,NA,NA,NA,NA,NA,NA,NA,NA,NA,NA,NA,NA,NA,NA,NA,NA
70,0.009342627,0.028092799,0.591187573,0.650857931,-0.214833952,0.338001295,0.249557089,0.096961353,0.255689221,0.228094629,-0.352688987,0.68658939,-0.270966541,0.433049334,-0.152451306,-1.808362683,-3.707790438,-0.464246611,0.271727103,-0.109172608,4.174239224,0.258283584,-1.6417338,-3.914514028,-0.106224468,0.042597649,0.203684028,0.279628119,-0.607762075,-0.203159317,-0.178512865,0.220311539,-0.084054454,NA,NA,NA,NA,NA,NA,NA,NA,NA,NA,NA,NA,NA,NA,NA,NA,NA
71,0.353803326,0.055805317,0.077031926,0.072786604,-0.111295269,0.235288091,0.131395631,-0.046672036,-1.569917105,-0.297381877,0.187410294,0.2371749,0.221137018,-1.363901069,0.17196204,1.297679886,0.760764597,0.258637361,0.085168793,-0.277924152,0.085168793,0.323260594,0.38859138,-0.0930168,0.029036204,0.043069351,0.042597649,0.363827003,-0.039124797,NA,NA,NA,NA,NA,NA,NA,NA,NA,NA,NA,NA,NA,NA,NA,NA,NA,NA,NA,NA,NA
72,0.001087835,0.298967919,-0.080870462,0.131513556,0.26807141,-0.081106313,0.374794084,0.073258306,0.116301153,0.468898719,0.062527076,0.290123498,-1.496803228,2.999936027,-0.514129143,3.411614322,0.230453141,0.318425644,0.313472768,-0.348915367,0.210759564,-0.097144196,0.225146489,0.459346745,-0.220022679,0.598616887,0.10993317,-0.682291059,NA,NA,NA,NA,NA,NA,NA,NA,NA,NA,NA,NA,NA,NA,NA,NA,NA,NA,NA,NA,NA,NA
73,0.275264872,0.12632483,0.285052697,-0.33676903,0.478450693,-0.26589574,0.596730077,-0.021671807,-0.056813638,0.433638962,-0.168253337,0.446964556,0.179863055,-0.181696856,0.510644384,-0.232758644,0.043658979,0.419487889,-0.012709461,0.477625214,-0.225683108,0.252859006,0.175263957,0.248967461,-1.656120724,NA,NA,NA,NA,NA,NA,NA,NA,NA,NA,NA,NA,NA,NA,NA,NA,NA,NA,NA,NA,NA,NA,NA,NA,NA
74,0.087409379,0.188943327,0.149084472,3.728362503,-3.473000554,0.260642096,-0.102097072,-2.484430189,-2.789267884,0.390596116,0.703452752,0.044602384,0.23505224,1.886482443,0.16040533,-0.053511721,3.601120773,1.091310074,0.004389752,0.299557547,-0.049030548,0.436705028,0.200971739,-0.077096843,0.53033796,-0.279693036,NA,NA,NA,NA,NA,NA,NA,NA,NA,NA,NA,NA,NA,NA,NA,NA,NA,NA,NA,NA,NA,NA,NA,NA
75,0.874326956,0.197787748,0.111702054,-0.465661719,0.244486288,0.267363856,0.285170623,-0.267900475,0.369369506,0.712415098,-0.302570604,-0.469907041,-0.367665539,0.538828604,0.185169708,0.021960667,-0.050209804,0.294250894,0.175853585,0.131985259,0.968903293,0.014059652,0.287175358,-0.217192464,-0.10079989,0.452742911,0.192952798,-0.105988617,-0.060587258,-2.464972464,NA,NA,NA,NA,NA,NA,NA,NA,NA,NA,NA,NA,NA,NA,NA,NA,NA,NA,NA,NA
76,-0.184998773,0.08068762,0.122315359,0.152858091,-0.286532721,0.308166116,0.045074086,0.415596344,0.325265329,-0.129455812,-0.206461234,-0.775216438,0.058517606,0.272434657,0.433403111,-0.016836857,0.259816617,-0.636535924,0.399440536,-0.995619398,0.30215191,-1.534421497,-0.13488039,-0.132403953,0.556753296,-0.046082408,-0.151861678,0.150853356,0.585880921,0.620433124,NA,NA,NA,NA,NA,NA,NA,NA,NA,NA,NA,NA,NA,NA,NA,NA,NA,NA,NA,NA
77,-0.302688529,-0.31742923,0.049673185,-0.823919713,0.15557038,0.144603299,0.396728247,-0.326509502,0.638475742,-0.283584581,0.553333454,-0.056577787,2.482124686,1.88494941,0.098022684,-0.003157487,0.507460392,0.404039635,-1.153875563,-0.353278615,0.377270522,0.026559766,0.006276562,1.021969817,0.14189101,0.655810806,0.001441612,-1.435481913,2.513257046,NA,NA,NA,NA,NA,NA,NA,NA,NA,NA,NA,NA,NA,NA,NA,NA,NA,NA,NA,NA,NA
78,-3.821824501,-0.417194294,0.704278231,-0.103158402,-0.029454897,0.975860904,0.172551668,0.352977847,-0.125210491,0.635763453,-0.804108211,0.049319408,0.392836702,-0.292546927,0.325029478,4.174710926,-0.283230804,0.6401267,0.07396586,-0.444906812,-3.626303844,3.561143992,0.356987317,-1.456472671,0.194132054,0.084579165,-0.088889404,0.597319705,0.040474988,0.323968147,-0.003865041,0.177032841,-0.179692121,-0.037591764,-0.248678601,NA,NA,NA,NA,NA,NA,NA,NA,NA,NA,NA,NA,NA,NA,NA
79,0.358756202,-0.148088058,0.287057432,0.065593142,-2.965920443,0.227387075,3.023167372,0.368897804,-0.139007787,0.109461468,0.352506144,1.084588314,-3.383966721,-2.439264681,-0.801749699,-1.772277447,NA,NA,NA,NA,NA,NA,NA,NA,NA,NA,NA,NA,NA,NA,NA,NA,NA,NA,NA,NA,NA,NA,NA,NA,NA,NA,NA,NA,NA,NA,NA,NA,NA,NA
80,-0.023440692,0.308166116,0.031866418,0.371020465,0.198023599,0.07396586,0.096843428,0.339534328,-0.278395854,0.199556632,0.406869849,0.047786375,-0.028511493,-0.267546698,0.425030393,0.175735659,0.15557038,0.333638047,-0.06294577,0.130688077,0.193306575,0.146843885,0.029036204,0.227622926,0.016064387,0.031748493,0.549323983,-0.318726412,-2.356598831,NA,NA,NA,NA,NA,NA,NA,NA,NA,NA,NA,NA,NA,NA,NA,NA,NA,NA,NA,NA,NA
81,0.006630338,-0.053511721,0.125617276,0.155452455,0.330100279,0.204037805,0.04578164,-0.126389747,2.101224974,0.409700064,0.300147175,0.102857634,0.174438477,0.577390277,-0.074974182,-1.599988135,0.504748103,-0.376863736,-0.260117385,-0.193017715,0.242599478,-0.107639575,-0.819084764,0.244014586,-0.284881763,-0.01247361,0.082810281,NA,NA,NA,NA,NA,NA,NA,NA,NA,NA,NA,NA,NA,NA,NA,NA,NA,NA,NA,NA,NA,NA,NA
82,2.508775873,-0.065304282,-2.591624566,0.246962726,-0.188182765,0.382223397,0.36229397,0.085168793,1.80228356,0.173612998,-0.44549644,0.251915601,0.247788205,0.320784156,-2.14480444,-0.676748556,-0.072497744,1.92763848,-3.746705889,0.286939507,-0.277570375,0.529158704,NA,NA,NA,NA,NA,NA,NA,NA,NA,NA,NA,NA,NA,NA,NA,NA,NA,NA,NA,NA,NA,NA,NA,NA,NA,NA,NA,NA
83,0.541776744,-0.330518973,0.200617962,0.34778912,0.076206447,0.12337669,0.232104099,0.052385474,-0.308231033,0.736118145,-0.541369959,0.841543638,-0.104101807,0.306868934,-0.269315583,0.050262813,0.310642554,0.254274114,-0.318018858,0.664537301,-0.168017486,0.171372412,0.392718776,-0.126389747,0.276326202,-0.03664836,0.134579622,0.455101423,-0.061176886,-3.796116718,NA,NA,NA,NA,NA,NA,NA,NA,NA,NA,NA,NA,NA,NA,NA,NA,NA,NA,NA,NA
84,-3.388094117,0.366657217,-1.476520024,3.856193861,1.296028928,0.29920377,-0.146083323,-1.65541317,-1.600223986,0.231868248,0.144131596,0.312765215,0.199556632,0.306397232,-0.256107915,0.104626518,-0.489718543,-1.32333466,-0.260353236,0.543191851,-0.244079503,0.171726188,0.354039177,-0.098559303,0.461233554,-0.138064382,0.363944928,-9.14E-05,0.004625603,0.33705789,0.331043684,-1.050101028,NA,NA,NA,NA,NA,NA,NA,NA,NA,NA,NA,NA,NA,NA,NA,NA,NA,NA
85,-1.855179149,0.002620868,0.11960307,0.355218433,0.225971968,-0.309999917,0.317600165,0.147669365,0.608050935,-0.342075682,0.572083625,-0.08228557,0.260995873,0.024319179,-0.113653781,-0.027214311,0.440714499,-0.087592222,0.198849078,0.052031697,1.93730838,0.011701139,-2.541977885,0.227740852,0.121607805,1.173504222,0.298849993,-0.094549833,1.544616108,NA,NA,NA,NA,NA,NA,NA,NA,NA,NA,NA,NA,NA,NA,NA,NA,NA,NA,NA,NA,NA
86,0.212882225,0.301444356,0.121725731,0.069956389,0.283873441,-0.12414916,-0.205635755,0.249675015,0.117598335,0.00686619,0.767368431,-0.278985482,0.040592913,-0.815193219,1.274802319,0.075027191,-0.913425249,NA,NA,NA,NA,NA,NA,NA,NA,NA,NA,NA,NA,NA,NA,NA,NA,NA,NA,NA,NA,NA,NA,NA,NA,NA,NA,NA,NA,NA,NA,NA,NA,NA
87,-0.136885126,0.222080423,0.042243872,0.531399291,-0.092780949,0.507814169,-0.190069575,0.092362255,0.360643011,0.140240051,0.137291911,0.33410975,0.099909494,-0.07662514,0.208401052,-0.301273422,0.631753982,0.069012985,0.11075865,0.014059652,0.376209191,-0.490544022,0.779396843,-0.330518973,0.405690593,-0.087120519,0.427388905,-1.626403471,NA,NA,NA,NA,NA,NA,NA,NA,NA,NA,NA,NA,NA,NA,NA,NA,NA,NA,NA,NA,NA,NA
88,1.718674304,0.28363759,0.406398147,-0.135234167,0.040474988,0.107456733,0.258637361,0.422200178,-0.314009388,0.464771322,0.256868477,0.244014586,-0.175328874,0.040592913,0.065828993,0.489181923,0.127032383,-0.648918112,0.691660191,0.115121897,0.10887184,0.649560749,-0.10563484,0.157103413,-0.154102264,0.391893297,0.153447719,-0.173677915,-0.035587029,-2.473227256,0.012172842,0.404865114,0.051442069,0.079980066,0.05462606,NA,NA,NA,NA,NA,NA,NA,NA,NA,NA,NA,NA,NA,NA,NA
89,-0.105281063,0.341774914,0.299793398,0.168306346,-0.400213007,0.130688077,0.37786015,0.118305888,0.137645688,0.001559537,0.573498732,-0.231579388,0.405690593,0.20203307,-3.618166977,NA,NA,NA,NA,NA,NA,NA,NA,NA,NA,NA,NA,NA,NA,NA,NA,NA,NA,NA,NA,NA,NA,NA,NA,NA,NA,NA,NA,NA,NA,NA,NA,NA,NA,NA
90,0.068541282,0.094013213,0.12549935,0.25545337,0.333873898,0.184344228,-0.004336743,0.144603299,0.176914915,0.031984344,-0.181814782,0.271137475,-0.011176428,0.376445043,-0.186295955,0.735646442,0.00120576,0.098848163,-0.047851292,0.099555717,0.181514014,0.113353013,0.382223397,0.142834415,-0.172380733,0.177032841,0.356987317,NA,NA,NA,NA,NA,NA,NA,NA,NA,NA,NA,NA,NA,NA,NA,NA,NA,NA,NA,NA,NA,NA,NA
91,-0.023912394,0.152858091,0.537649348,-0.347854037,0.074319637,0.476210106,0.018304973,-0.096200791,0.21866058,3.092035926,0.2565147,-0.31742923,-1.0688512,0.110169021,-0.032285112,0.110876575,-2.038317617,0.547673024,0.091300924,-0.350330475,0.178565874,1.440487797,-0.048794697,0.125381425,0.306868934,-0.144432365,0.480101651,0.033989079,-0.051035284,-3.277833675,NA,NA,NA,NA,NA,NA,NA,NA,NA,NA,NA,NA,NA,NA,NA,NA,NA,NA,NA,NA
92,-0.191484682,0.696023438,-0.249975783,-0.070610934,0.540597488,-0.157286256,0.736471922,-0.072733595,-2.717215338,-3.280428038,0.249439164,-0.028629418,0.170782784,0.49731879,0.149202397,-0.13488039,0.296963183,0.032573972,0.115357748,0.386822496,-0.134762465,0.138589093,-3.650242742,-1.812372153,0.187292369,0.292835787,-0.198206441,-0.092898874,0.392247074,0.371374242,0.228212554,-0.033464368,-1.044204748,NA,NA,NA,NA,NA,NA,NA,NA,NA,NA,NA,NA,NA,NA,NA,NA,NA
93,0.675622308,4.375774087,3.289089616,0.489889477,2.727881651,-0.458939959,-3.827602855,0.381279993,-0.069077902,0.072786604,-0.022025584,0.397317875,0.213118077,-0.244079503,0.442719234,0.324086073,-0.365896655,0.380100736,0.001559537,0.154391124,1.943794288,NA,NA,NA,NA,NA,NA,NA,NA,NA,NA,NA,NA,NA,NA,NA,NA,NA,NA,NA,NA,NA,NA,NA,NA,NA,NA,NA,NA,NA
94,-2.613087026,0.088352784,0.433638962,-0.198678144,0.822793466,-0.48924684,0.556399519,3.241447671,0.012172842,0.348024971,-0.01247361,0.010757735,-0.457406926,NA,NA,NA,NA,NA,NA,NA,NA,NA,NA,NA,NA,NA,NA,NA,NA,NA,NA,NA,NA,NA,NA,NA,NA,NA,NA,NA,NA,NA,NA,NA,NA,NA,NA,NA,NA,NA
95,0.05167792,0.331161609,0.171372412,0.218306803,0.044130681,0.145075001,-0.24844275,0.539889934,-0.310353694,0.787887486,-0.359646598,0.031158865,0.503332996,0.149556174,0.287293284,-0.092073395,-0.068252422,0.379511108,-0.073323223,0.386232868,0.196608492,0.085994272,-0.106224468,-0.024266171,0.309345372,0.233401281,-0.036176657,0.387765901,0.161466661,-3.190097023,NA,NA,NA,NA,NA,NA,NA,NA,NA,NA,NA,NA,NA,NA,NA,NA,NA,NA,NA,NA
96,-0.227569918,0.479394098,0.313118992,-0.125800119,0.241891925,0.772085455,-0.06105896,0.245193842,0.89838378,0.537295571,-0.130752994,0.127739937,0.545078661,-3.520996277,0.128329565,-0.04737959,0.630220949,0.043187277,0.082574429,0.035522112,0.214769035,-0.110941492,-2.672167756,NA,NA,NA,NA,NA,NA,NA,NA,NA,NA,NA,NA,NA,NA,NA,NA,NA,NA,NA,NA,NA,NA,NA,NA,NA,NA,NA
97,-2.198696443,0.033281526,0.424676616,-0.389245925,0.326208734,0.156277934,1.06536644,-1.096917494,0.333991824,0.258755287,-0.307523479,0.084343314,0.588357359,-1.973340607,4.137328509,-0.138064382,0.16524028,0.488592295,-0.30964614,0.407341552,0.124673871,0.044366533,0.041418392,0.378567704,3.531426739,0.659112723,-0.13087092,-4.27713527,NA,NA,NA,NA,NA,NA,NA,NA,NA,NA,NA,NA,NA,NA,NA,NA,NA,NA,NA,NA,NA,NA
98,-0.382052463,0.033399451,-0.523445266,0.499441451,0.065475216,-0.0930168,0.191301839,0.344723054,0.304628348,0.049673185,4.127540683,0.386822496,-0.063299547,-0.035940806,0.303684943,-0.503633764,-2.827711632,0.138235316,2.730122238,0.124555946,0.537531422,-3.524298194,-0.252923923,0.102621783,0.563003353,-0.022733138,-0.115422665,0.350855186,0.167952569,-3.765102284,-3.852249307,NA,NA,NA,NA,NA,NA,NA,NA,NA,NA,NA,NA,NA,NA,NA,NA,NA,NA,NA
99,-1.158356736,-0.551039858,2.501110708,-0.540544479,-0.08924318,0.263472311,0.247316503,-0.15905514,-0.020728403,-3.828310409,-0.141484224,0.593899862,0.111584129,0.099909494,-0.142191778,-0.105988617,0.098022684,0.023375775,0.331043684,0.099319866,0.170311081,0.485762081,3.60925764,0.079744215,0.008281297,2.79557095,0.546965471,-0.295730919,0.512413268,NA,NA,NA,NA,NA,NA,NA,NA,NA,NA,NA,NA,NA,NA,NA,NA,NA,NA,NA,NA,NA
100,-0.269315583,0.479040321,0.392954628,-0.171437329,0.460054298,-0.293962035,0.175499808,-0.020964254,0.675150606,-0.261296641,0.420667145,-0.311297099,0.375619563,-0.051506986,0.211938821,0.132456961,0.120310624,-0.065540133,0.630574726,0.227269149,0.046725045,-0.099620634,0.387765901,-0.144668216,0.459582596,0.054861912,-0.123677458,0.291656531,-0.243136098,NA,NA,NA,NA,NA,NA,NA,NA,NA,NA,NA,NA,NA,NA,NA,NA,NA,NA,NA,NA,NA
101,0.334345601,0.120546475,0.239651338,0.012408693,0.30698686,-4.50425999,NA,NA,NA,NA,NA,NA,NA,NA,NA,NA,NA,NA,NA,NA,NA,NA,NA,NA,NA,NA,NA,NA,NA,NA,NA,NA,NA,NA,NA,NA,NA,NA,NA,NA,NA,NA,NA,NA,NA,NA,NA,NA,NA,NA
102,0.091890552,-0.066129761,0.482342238,-0.326745353,0.26913274,0.562767502,-0.389599702,-2.312140877,-2.923467225,-0.055870233,0.03127679,0.446964556,-0.167074081,0.419959592,-0.030870005,0.326562511,-0.052096614,-0.012945312,0.196608492,0.285524399,-0.127451077,0.623145413,-0.376274108,0.449323068,-0.192310161,0.447907961,-0.058818374,0.207575573,0.404393412,0.039295732,0.269250666,NA,NA,NA,NA,NA,NA,NA,NA,NA,NA,NA,NA,NA,NA,NA,NA,NA,NA,NA
103,0.238943785,0.027385245,0.03611174,-0.053393796,0.355336359,0.373143126,-0.327806684,-2.110252237,NA,NA,NA,NA,NA,NA,NA,NA,NA,NA,NA,NA,NA,NA,NA,NA,NA,NA,NA,NA,NA,NA,NA,NA,NA,NA,NA,NA,NA,NA,NA,NA,NA,NA,NA,NA,NA,NA,NA,NA,NA,NA
104,0.135994729,0.200264185,-0.175093022,0.221372869,0.504394327,0.227269149,-0.053040019,-0.07851195,-0.123913309,0.214297333,0.415242567,0.419487889,-0.168489188,0.49731879,-0.361533407,0.552390049,-0.475449544,0.639537072,0.283401739,-0.00952547,-0.150328645,0.332458791,-0.026742609,0.097079279,0.585409219,-0.689484521,NA,NA,NA,NA,NA,NA,NA,NA,NA,NA,NA,NA,NA,NA,NA,NA,NA,NA,NA,NA,NA,NA,NA,NA
105,-3.441632343,0.125145574,0.187764071,0.250146717,0.032809823,-0.164833495,0.636353081,-0.136295498,0.013352098,1.983653144,0.033989079,0.364652482,0.270783699,0.437530507,0.275972425,0.03799855,0.329746502,0.005215231,-0.038888946,0.130806003,2.329293099,0.248024056,0.042125946,NA,NA,NA,NA,NA,NA,NA,NA,NA,NA,NA,NA,NA,NA,NA,NA,NA,NA,NA,NA,NA,NA,NA,NA,NA,NA,NA
106,-3.473708108,0.258047733,3.922939755,0.311114256,0.361114714,-0.176743981,0.338472997,0.265241195,0.095428321,0.274203541,2.019030826,-0.29407996,0.224438935,0.068305431,-1.425576162,0.271255401,0.289062168,-0.216720762,-0.060941035,0.504158475,-0.071318488,0.251208048,-2.84492877,-3.900716732,0.422907732,-0.234055826,0.087291454,0.57302703,0.289651796,-0.446793621,0.506399062,-0.143017257,NA,NA,NA,NA,NA,NA,NA,NA,NA,NA,NA,NA,NA,NA,NA,NA,NA,NA
107,-3.591162013,0.296845258,0.381869621,-0.322500031,0.505691508,0.241184371,-0.177215683,-3.931967018,0.481870536,-0.283820432,0.422671881,2.5042947,-0.20469235,-0.184644997,0.177268692,0.043658979,-0.407406469,-0.150682422,0.07773948,0.482931866,0.284934771,-0.297146026,0.323850222,0.053918507,0.14189101,0.37113839,0.269368591,0.206868019,-0.049738102,0.104626518,0.250382569,NA,NA,NA,NA,NA,NA,NA,NA,NA,NA,NA,NA,NA,NA,NA,NA,NA,NA,NA
108,-3.734205775,0.659230649,-0.40870365,0.249085387,3.329656025,-0.056931564,0.511234012,0.203330251,3.873411,-0.004100892,0.394369735,-2.791626396,-0.452218199,0.32844932,0.271845029,-0.154102264,0.495314055,-0.14749843,0.057574201,0.267599707,0.269722368,0.2224342,-0.399741304,-2.406481363,-3.946825644,-3.196700857,-0.587478871,-2.157658331,0.187764071,-0.550686081,0.419723741,-0.341486054,0.273495988,-1.795508791,NA,NA,NA,NA,NA,NA,NA,NA,NA,NA,NA,NA,NA,NA,NA,NA
109,-3.013562389,2.288962541,0.008281297,0.517955771,0.148376918,0.25946284,-0.360236226,4.365278708,0.54000786,-0.438892606,0.108753914,0.523734126,2.567031123,0.648263567,-3.854371968,-2.686908457,0.238825859,-0.500449773,0.369369506,0.127032383,0.147315588,0.304746273,-0.158583437,0.21382563,-0.104691435,-0.293962035,0.124555946,-0.939133032,0.151914686,NA,NA,NA,NA,NA,NA,NA,NA,NA,NA,NA,NA,NA,NA,NA,NA,NA,NA,NA,NA,NA
110,-0.353396541,0.078211182,0.300500952,-0.099620634,0.170193156,0.014767205,0.701448016,-0.343254938,4.203956477,0.191773542,-0.360943779,2.17032938,0.057692126,0.101442527,0.294604671,0.117598335,-0.004926371,0.25061842,-0.027096385,0.210759564,0.298378291,-0.098087601,-0.647974707,0.17679699,-0.051624912,-0.225801034,0.551800421,-0.340896426,NA,NA,NA,NA,NA,NA,NA,NA,NA,NA,NA,NA,NA,NA,NA,NA,NA,NA,NA,NA,NA,NA
111,-0.952104849,-0.165069346,-3.154247638,0.666542036,-0.037237988,1.278575938,-0.260824939,0.214533184,0.26241098,3.39958591,-3.335617222,-3.681610954,0.490832882,0.096371725,-0.01730856,0.067597877,-0.162710834,0.622202008,0.255571295,-0.072851521,0.201915144,-0.041483309,-3.480194017,0.233519207,0.406987775,0.118187963,1.798156164,-0.428515152,4.389689308,-0.094667758,NA,NA,NA,NA,NA,NA,NA,NA,NA,NA,NA,NA,NA,NA,NA,NA,NA,NA,NA,NA
112,0.267010079,3.773881787,1.812189311,0.238707933,0.349204227,0.433521037,-1.366259581,0.146372183,0.163589322,-0.402925296,0.468073239,0.213589779,0.095310395,0.120664401,-0.236060561,0.024672956,0.36712892,-0.022261435,0.270547847,0.264887418,0.205806689,3.539209829,-2.904245351,-0.026860534,-0.22214534,0.217245473,0.169131825,-0.085941263,-3.190332874,NA,NA,NA,NA,NA,NA,NA,NA,NA,NA,NA,NA,NA,NA,NA,NA,NA,NA,NA,NA,NA
113,0.015828536,0.454865571,-0.001152752,0.277033756,0.04872978,-0.107993352,0.209462383,0.415596344,-0.11636607,-0.079573281,0.610999075,-0.003393338,-0.268608029,0.581753525,0.127975788,-0.017190634,0.291184829,-0.180989303,0.3633553,0.395902768,-0.519082019,1.158409744,-0.892552417,0.274085616,-0.173913766,0.449323068,0.298378291,0.096843428,0.161702512,-2.573817799,NA,NA,NA,NA,NA,NA,NA,NA,NA,NA,NA,NA,NA,NA,NA,NA,NA,NA,NA,NA
114,0.023257849,0.389181008,0.279392268,-0.301627199,0.441539978,0.119131368,-0.306226298,-0.578398599,0.144249522,0.060168564,-0.000563124,-0.07261567,0.605338646,0.102621783,-0.554577627,-0.352924838,0.384110207,-0.326745353,0.426209649,-1.921925042,NA,NA,NA,NA,NA,NA,NA,NA,NA,NA,NA,NA,NA,NA,NA,NA,NA,NA,NA,NA,NA,NA,NA,NA,NA,NA,NA,NA,NA,NA
115,-0.067191092,0.203801954,0.098258535,0.290595201,-0.364127771,0.374204456,0.275264872,0.979634524,0.128211639,-1.486661626,0.434346516,0.251090122,0.271727103,-0.338891691,0.214769035,0.109697319,0.54885228,0.145664629,0.320548305,-0.33488222,0.215004886,0.166419536,0.295194299,0.515479334,-0.338419988,0.283873441,-0.338537914,NA,NA,NA,NA,NA,NA,NA,NA,NA,NA,NA,NA,NA,NA,NA,NA,NA,NA,NA,NA,NA,NA,NA
116,-3.348117336,1.099682792,3.233074952,-0.012237759,0.543191851,2.14804144,0.484229048,1.524097052,-3.760149408,0.091890552,-0.045021078,0.045427863,0.242127776,0.146490109,-0.016247229,0.155924157,0.015592684,-0.104337658,0.127622011,0.007809594,0.070546017,0.281043226,-1.446331068,-2.64870056,-0.117781177,0.529866258,-2.554360074,1.029634981,0.119131368,0.2758545,NA,NA,NA,NA,NA,NA,NA,NA,NA,NA,NA,NA,NA,NA,NA,NA,NA,NA,NA,NA
117,0.258047733,-0.37462315,0.779750619,-0.26778255,0.083517834,0.531870993,-0.216720762,0.590244169,-0.253159774,0.351916516,0.202268921,0.089296189,0.004625603,0.183400824,0.138353242,0.064767663,0.263354385,-0.133347357,0.37974696,-0.039124797,0.065239365,0.412176502,0.130216375,0.142362712,-0.136059646,0.052975102,0.493427245,NA,NA,NA,NA,NA,NA,NA,NA,NA,NA,NA,NA,NA,NA,NA,NA,NA,NA,NA,NA,NA,NA,NA
118,0.340123956,-0.350684252,0.517484069,0.175028105,0.149084472,-0.353986169,0.340713584,0.320076602,0.060168564,0.406162296,0.0138238,-0.338302063,0.445903225,0.38564324,-0.110705641,0.180098907,0.317953941,-0.017898188,0.213471853,-0.081813867,0.545550363,-0.037945541,0.041890095,0.082810281,0.427860607,-0.09596494,0.154626975,-0.056695713,0.367718548,0.282694185,NA,NA,NA,NA,NA,NA,NA,NA,NA,NA,NA,NA,NA,NA,NA,NA,NA,NA,NA,NA
119,-0.613776281,-0.140776671,0.108989765,0.515361408,0.265477046,0.706518817,-0.007402809,-1.149040613,0.294722597,-0.084762007,-0.442076597,-3.042100386,0.142834415,0.27101955,2.165848207,0.044484458,-0.122851978,0.049201483,0.206750094,4.420467892,-0.183229889,0.257929807,0.29920377,-0.075917587,0.331397461,0.20498121,0.022786147,-0.024384096,0.170311081,0.038706104,NA,NA,NA,NA,NA,NA,NA,NA,NA,NA,NA,NA,NA,NA,NA,NA,NA,NA,NA,NA
120,0.258283584,0.199674557,0.186820666,0.114532269,-0.113771707,0.66241464,-0.267546698,0.370194985,-0.190305426,0.107928435,0.465832653,-0.055634382,2.77623115,-0.020964254,0.541187116,0.325854957,-0.349033293,0.364770408,0.184698005,0.125971053,-0.085705412,0.591187573,-1.69998905,3.199112378,0.22349553,-0.128394482,0.21087749,0.267835558,0.173141296,-0.201036656,0.26724593,-0.272735425,NA,NA,NA,NA,NA,NA,NA,NA,NA,NA,NA,NA,NA,NA,NA,NA,NA,NA
121,0.213943556,0.056277019,0.033517377,-0.010822652,0.053682656,0.433521037,0.102857634,0.080333843,0.098612312,-0.021200105,0.485290378,0.301680208,-0.232286942,0.239887189,0.278566789,0.267010079,0.214886961,-0.028393567,-0.159762693,0.356279764,0.081866876,0.239887189,-0.041483309,0.007219966,0.233755058,-0.072261893,0.372789349,0.017125717,0.542012595,NA,NA,NA,NA,NA,NA,NA,NA,NA,NA,NA,NA,NA,NA,NA,NA,NA,NA,NA,NA,NA
122,0.185759336,-0.070257158,0.350619335,0.308284042,-0.056695713,0.271255401,-0.268725955,0.127268235,0.611824555,-0.306108372,0.143070266,0.208047276,0.424912467,-0.16306461,0.172433742,0.224203084,0.092244329,0.075616819,0.608522638,0.003210496,0.192127319,-0.070610934,-0.201036656,0.054036432,0.638593668,0.165004429,0.023257849,-0.151507901,0.611352852,-0.031931335,-1.256470841,NA,NA,NA,NA,NA,NA,NA,NA,NA,NA,NA,NA,NA,NA,NA,NA,NA,NA,NA
123,0.083871611,-0.164243867,0.368544027,0.169249751,0.28363759,-0.199739474,0.319958677,0.074319637,0.696848918,-0.570379658,0.488238518,-1.915439134,0.416185972,-0.004218818,0.329864428,-0.265541963,0.857817371,1.611715778,-0.065068431,-0.11636607,0.454511795,0.321373784,-0.258820204,0.458285414,-0.310117843,-0.797032675,0.365831738,0.094249065,-3.325593545,-2.652827956,-4.476547472,0.062055374,0.565479791,0.06806958,0.21677377,-0.409882906,-0.086884668,NA,NA,NA,NA,NA,NA,NA,NA,NA,NA,NA,NA,NA
124,-0.470968371,0.554748561,-0.119432136,0.306043455,0.133872069,0.179863055,-0.005515999,0.14295234,0.456870307,0.036347591,-0.220848158,-1.674399193,1.143079415,0.439417317,0.05839968,-0.229692579,0.099437791,0.40899251,0.277741309,0.251208048,-9.14E-05,-0.097380047,0.338472997,0.487059262,-3.155426894,-2.322400405,-0.095847014,0.205334987,-0.176626055,0.411233097,-2.688087713,NA,NA,NA,NA,NA,NA,NA,NA,NA,NA,NA,NA,NA,NA,NA,NA,NA,NA,NA
125,-4.521241277,0.35852035,0.186820666,-0.24254647,0.562177874,0.026205989,0.057574201,-0.086766743,0.179980981,0.504158475,0.007337892,0.175735659,-0.046907887,2.875052809,0.274085616,0.002974645,-2.414028601,NA,NA,NA,NA,NA,NA,NA,NA,NA,NA,NA,NA,NA,NA,NA,NA,NA,NA,NA,NA,NA,NA,NA,NA,NA,NA,NA,NA,NA,NA,NA,NA,NA
126,-0.161649503,0.681046886,0.098494386,0.20792935,-0.257523022,0.392718776,0.07101772,0.172197891,-0.019549146,0.427978533,0.235406016,0.061465746,-0.376745811,0.333048419,0.262646832,0.294250894,-0.191838459,0.053800581,-0.040539905,0.664655227,-0.182994038,0.3196049,0.172551668,-0.011883982,0.314416173,-0.092073395,-3.834324615,NA,NA,NA,NA,NA,NA,NA,NA,NA,NA,NA,NA,NA,NA,NA,NA,NA,NA,NA,NA,NA,NA,NA
127,-1.96602922,-0.17945627,0.409346287,-0.051035284,0.265594972,-0.027568088,3.630955951,0.170664858,0.041890095,-1.077459769,0.436940879,0.197905673,-0.201980061,0.24767028,-0.00280371,-0.034407773,0.564418461,-0.105281063,2.508422096,-0.114715112,0.553805156,-0.117899103,-2.179828345,-0.212947142,0.510526458,0.272434657,0.170900709,0.139296646,-0.144196513,0.289062168,-1.856122554,-2.51768521,NA,NA,NA,NA,NA,NA,NA,NA,NA,NA,NA,NA,NA,NA,NA,NA,NA,NA
128,-0.094196056,-0.598445952,-3.382315763,-0.022379361,0.197787748,0.377152596,0.065828993,0.342010765,-0.302570604,0.089296189,-0.03770969,0.686117687,0.149909951,-0.414482005,0.188235773,0.076560223,-3.202479211,-0.210116928,0.538592753,-0.312122578,0.111702054,0.236467347,0.372671423,1.524922532,0.277269607,-0.078040248,0.331987089,-0.280164738,0.451445729,0.103447262,-0.188536542,-2.347046857,NA,NA,NA,NA,NA,NA,NA,NA,NA,NA,NA,NA,NA,NA,NA,NA,NA,NA
129,-0.472265553,0.6060462,0.881166642,0.357812797,-0.045139003,1.527516895,1.231641546,0.186466889,0.499441451,-0.388420446,-0.116483996,0.14672596,0.229627662,-0.049973953,0.081984801,0.492719691,0.209580308,0.744726714,0.04872978,0.025734287,-0.270848615,0.288826316,-3.889513799,-0.225683108,0.370902539,-0.295023365,0.315123727,2.869156528,-0.473798586,NA,NA,NA,NA,NA,NA,NA,NA,NA,NA,NA,NA,NA,NA,NA,NA,NA,NA,NA,NA,NA
130,0.294722597,0.095428321,0.337411667,-0.537714265,0.540715414,-0.048205069,0.426563426,-0.41436408,0.648853195,0.40415756,-0.187357286,-0.05811082,-0.073794926,-3.139742788,-3.601657392,0.121136103,-3.180191272,0.320194528,-0.10480936,0.16524028,0.166419536,0.360171309,-0.182522336,0.149320323,0.131395631,0.030097534,0.60793301,-0.344905897,0.699443281,0.145075001,-0.202451763,0.10215008,-3.814277262,NA,NA,NA,NA,NA,NA,NA,NA,NA,NA,NA,NA,NA,NA,NA,NA,NA
131,0.069838464,0.143424043,-1.607653299,-0.467430603,0.062055374,0.277033756,0.088116933,0.316302983,-0.365307027,0.349558004,0.58564507,-0.051506986,-0.214951878,0.239887189,0.193778277,1.124918872,-2.442566598,4.50372337,0.126206904,0.223023828,0.071843199,-0.086648817,0.252623155,0.032927749,0.269722368,-0.132168101,0.53033796,-0.036058731,0.204863284,0.202150995,-0.225211405,0.245429693,-1.907066416,-1.546567835,0.354392954,0.159579851,NA,NA,NA,NA,NA,NA,NA,NA,NA,NA,NA,NA,NA,NA
132,0.388945157,-0.226508587,0.400266015,-0.232640719,0.56335713,-2.594690632,-1.623219479,0.660174054,0.380926216,0.268661038,-3.356018352,0.649442823,-0.618729157,0.189886732,-0.08629504,0.38753005,1.612541258,0.689065827,-0.000445198,-0.395967685,-1.338075361,0.068659208,0.296609407,0.235877719,0.218306803,0.178919651,-0.239716255,0.217009622,0.035168335,0.464417546,-0.174857171,0.474912925,-0.20657916,0.091772627,-0.970737094,NA,NA,NA,NA,NA,NA,NA,NA,NA,NA,NA,NA,NA,NA,NA
133,0.421374699,-0.227334066,0.339770179,0.12443802,0.283165887,0.513238747,-0.302688529,0.390949892,0.357341094,-0.325919874,-0.688423191,0.395195214,0.156867562,0.142008935,-0.117663252,0.37974696,-1.703173041,0.039413657,-1.345386749,0.736000219,-0.135941721,0.000498207,0.547201322,-0.08440823,0.074555488,0.116183227,0.132692812,0.203566102,0.113353013,-0.212829217,NA,NA,NA,NA,NA,NA,NA,NA,NA,NA,NA,NA,NA,NA,NA,NA,NA,NA,NA,NA
134,0.286231953,0.104980295,-0.131342622,0.165358206,0.025616361,0.244014586,0.314887876,0.123258764,0.386940422,0.094720767,-0.32898594,0.448143812,0.142598563,0.152150538,-0.122144425,0.300736803,0.259934543,-0.157757958,0.282340408,0.267010079,-0.251862593,0.057810052,0.414063311,0.386468719,-0.269433508,0.347435343,0.4798658,-0.348561591,0.428214384,-0.329929345,-3.371938309,NA,NA,NA,NA,NA,NA,NA,NA,NA,NA,NA,NA,NA,NA,NA,NA,NA,NA,NA
135,0.178447948,-0.150092794,0.116065302,0.292364085,0.584465814,-0.318136784,0.386468719,0.085758421,0.00014443,0.33222294,0.072196976,0.197905673,-0.049030548,0.07101772,0.57007889,-3.48762333,NA,NA,NA,NA,NA,NA,NA,NA,NA,NA,NA,NA,NA,NA,NA,NA,NA,NA,NA,NA,NA,NA,NA,NA,NA,NA,NA,NA,NA,NA,NA,NA,NA,NA
136,-0.097615898,0.459110893,-0.724744278,-0.09112999,-0.127451077,-0.03181341,0.39826128,0.025852212,0.453450464,0.223731381,-0.3794581,0.632697387,-0.216366985,0.318307718,-0.216484911,0.217953027,0.148494844,0.196844343,0.062291225,0.295076374,0.104272741,0.212292597,0.010521883,0.068305431,0.253094857,0.125971053,0.101324601,-3.035496552,NA,NA,NA,NA,NA,NA,NA,NA,NA,NA,NA,NA,NA,NA,NA,NA,NA,NA,NA,NA,NA,NA
137,-0.11825288,0.357930722,0.053328879,0.350619335,0.579041236,-0.149621091,0.243424958,0.107692584,-0.077922322,0.38458191,-2.163200835,0.330454056,-0.063063696,-2.317447529,-0.687126009,0.467365686,-0.104927286,0.30887367,-0.325448172,0.678924225,0.438238061,-0.172262808,0.155924157,0.336114485,0.454511795,-1.003048711,0.039295732,0.008870925,0.622084083,-0.505992276,0.454275943,-3.038444692,NA,NA,NA,NA,NA,NA,NA,NA,NA,NA,NA,NA,NA,NA,NA,NA,NA,NA
138,-3.627718951,-0.39018933,0.692839447,-0.202451763,-0.224150075,3.621403977,-1.688668191,1.138008614,-0.660121045,-3.64116247,0.432931409,0.14483915,0.374322382,0.407577403,0.663593896,0.173730924,0.07290453,0.090711296,-0.051035284,0.169131825,0.123140838,0.461705257,0.163117619,0.132928664,-1.15930014,0.635763453,0.091890552,4.164215547,0.247552354,0.275736574,-0.198560218,0.22538234,NA,NA,NA,NA,NA,NA,NA,NA,NA,NA,NA,NA,NA,NA,NA,NA,NA,NA
139,-0.174857171,1.498860972,0.416068047,-0.243018172,0.377152596,0.026913543,0.220783241,0.43316726,-0.022379361,-1.398924974,-1.710366503,0.911709374,0.462059034,-0.198324367,-2.184781221,-0.109172608,0.080923471,0.3196049,0.06618277,-0.101389518,0.229981438,0.225736117,-0.009407544,0.462294885,-0.23098976,0.21087749,-3.474415662,-0.726513162,0.062645002,0.157693041,0.116537004,-2.237611893,NA,NA,NA,NA,NA,NA,NA,NA,NA,NA,NA,NA,NA,NA,NA,NA,NA,NA
140,-3.931613241,0.308401967,-0.070257158,0.553923082,-1.750107433,-0.112238674,0.253920337,0.18858955,-0.094785684,0.073494158,0.047432598,-0.016247229,0.296137704,0.150027877,-0.036412508,0.267128005,0.340359807,0.203801954,0.043541053,0.204391582,-0.248324825,0.720434039,-0.248088973,0.141301382,0.098848163,0.255689221,0.008163371,-0.022261435,0.679395928,-0.008935842,0.070310166,-3.513095261,NA,NA,NA,NA,NA,NA,NA,NA,NA,NA,NA,NA,NA,NA,NA,NA,NA,NA
141,-0.286178944,-0.189951649,0.788005412,-0.257994724,0.403803784,-0.136413423,0.03210227,0.199556632,0.184698005,0.27986397,0.172079965,0.369487432,0.526446415,4.573653256,0.275618648,0.307694414,0.141537233,-1.150927422,-1.214253473,0.054508135,-0.252098444,0.185051782,0.231042769,0.193660351,-0.128630333,0.436940879,-1.042671715,0.359699606,0.324911552,NA,NA,NA,NA,NA,NA,NA,NA,NA,NA,NA,NA,NA,NA,NA,NA,NA,NA,NA,NA,NA
142,0.0138238,0.46724776,0.169957304,-0.355990904,0.265830823,0.210995416,0.139414572,0.036701368,0.381633769,0.385525314,-0.30563667,0.087409379,0.376209191,-0.359410747,0.338001295,0.175853585,-0.039006872,-1.110950641,0.399086759,-2.968278955,-2.890212204,0.184462154,0.336822039,-0.082167644,-1.170620999,0.126206904,-1.098686378,0.40120942,-0.090540362,4.618111209,0.296137704,-0.033936071,-0.179102493,-3.712389537,NA,NA,NA,NA,NA,NA,NA,NA,NA,NA,NA,NA,NA,NA,NA,NA
143,0.031984344,-0.124385011,0.388709306,0.119956847,0.202268921,0.248024056,-1.045737781,-2.879952676,0.35073726,0.003800124,0.064413886,-0.278749631,0.631636057,-0.778046652,-0.00469052,0.41382746,0.349086302,-0.133347357,0.032456046,0.056866647,-0.113182079,0.114060567,0.194721682,0.107810509,2.20523536,0.205806689,0.461941108,0.012880396,0.15262224,0.250146717,2.090022041,0.344133426,-0.279221334,-2.082421794,NA,NA,NA,NA,NA,NA,NA,NA,NA,NA,NA,NA,NA,NA,NA,NA
144,0.445431523,0.426681351,-0.353396541,0.143541968,0.400501867,0.062645002,-0.070257158,0.190712211,0.012172842,0.369959134,-0.005280148,0.129862598,0.353803326,-0.195612078,0.11960307,-1.679116217,-3.61003011,-0.212947142,0.301562282,0.347081566,-0.103630104,0.537767273,-0.265188186,-0.004926371,0.781401578,-0.282877027,-0.191130905,0.604395241,-0.03770969,0.32632666,-3.363211814,NA,NA,NA,NA,NA,NA,NA,NA,NA,NA,NA,NA,NA,NA,NA,NA,NA,NA,NA
145,0.461823182,0.079626289,-0.385826083,0.286939507,0.382930951,0.329864428,-0.341486054,0.437294656,-0.399505453,0.153919422,0.417247303,0.510408532,-0.228985025,0.525856787,-0.17945627,0.253448634,-0.107757501,0.518427474,-0.406698915,0.186466889,0.380690365,-1.718857147,-3.754960681,-0.199503623,0.423851137,-0.224150075,0.518191623,-0.086177115,0.144013671,0.460408075,-2.065322581,NA,NA,NA,NA,NA,NA,NA,NA,NA,NA,NA,NA,NA,NA,NA,NA,NA,NA,NA
146,-2.127941078,0.385171538,-0.453043679,-3.576303386,-3.668521211,0.18564141,0.245311767,0.027385245,-0.134408688,0.298614142,0.143306117,0.065711068,0.258991138,0.032691898,1.084470389,0.083753685,0.294132969,-0.017426486,0.050380739,0.525856787,-0.097380047,0.267953484,1.337774593,3.421166296,0.403214155,-0.342783236,0.336822039,0.267717633,-0.029690749,0.111584129,NA,NA,NA,NA,NA,NA,NA,NA,NA,NA,NA,NA,NA,NA,NA,NA,NA,NA,NA,NA
147,4.072469425,0.231632397,-0.058818374,0.234344686,0.319369049,-0.138300233,-0.048205069,-0.000916901,0.398497131,-0.16495142,0.384110207,0.021724816,0.42538417,-0.646677526,-0.125210491,0.572909104,-3.329367165,0.201443442,0.151207133,1.952992486,0.426209649,0.032456046,-0.000563124,0.502507517,-0.065186356,0.397907503,-0.301627199,0.170546932,0.462294885,1.658414319,-2.590563236,NA,NA,NA,NA,NA,NA,NA,NA,NA,NA,NA,NA,NA,NA,NA,NA,NA,NA,NA
148,0.257811882,-0.305047042,0.330571981,0.497790492,-0.083111049,0.144013671,-0.05138906,0.285878176,3.315622877,-2.262376271,0.001441612,0.25840151,0.579395013,-0.188418616,0.143424043,0.164061024,0.114886046,-3.007548183,-0.042190863,-0.078158173,0.659112723,-0.321910403,0.29248201,0.486233783,0.11288131,0.045899566,0.036465517,0.075145116,0.344015501,0.013470024,0.227622926,-0.261178716,0.118305888,0.725622766,-0.039950277,0.248613684,-0.035940806,0.151796761,-0.507289458,NA,NA,NA,NA,NA,NA,NA,NA,NA,NA,NA
149,-2.954009957,-0.725451831,-0.158937214,0.229981438,0.40415756,0.182811196,0.148023141,0.099084014,0.117952112,-0.273207128,0.176914915,-1.459892513,0.594253639,-0.058346671,-0.180045898,2.291910681,-0.198442293,0.23316543,0.034342856,0.125381425,-2.034308146,0.435879549,0.513828375,1.280462748,2.157829266,0.209580308,0.379864885,-1.360952929,-0.062591993,-0.281815697,NA,NA,NA,NA,NA,NA,NA,NA,NA,NA,NA,NA,NA,NA,NA,NA,NA,NA,NA,NA
150,-0.050563581,0.403921709,-0.223678373,0.663240119,-0.250683337,0.447907961,-0.116955698,0.065239365,0.058045903,0.402034899,0.043541053,0.244014586,-0.075445884,0.393898033,-0.362594738,0.441422052,0.335642783,-0.255400361,0.537531422,0.214415258,-0.071436414,0.270547847,-0.100210262,0.314298248,-0.297617728,0.552154197,-0.044667301,0.39153952,0.240594743,-1.75635749,NA,NA,NA,NA,NA,NA,NA,NA,NA,NA,NA,NA,NA,NA,NA,NA,NA,NA,NA,NA
151,0.17491018,0.091772627,0.394723512,-0.372854266,0.665126929,0.200382111,-0.091719618,0.191773542,0.167834643,0.196608492,-0.200211177,0.099319866,0.525385085,0.304628348,0.019130453,-0.172026957,0.412884055,0.148376918,0.000616132,-0.039242723,-2.615799315,NA,NA,NA,NA,NA,NA,NA,NA,NA,NA,NA,NA,NA,NA,NA,NA,NA,NA,NA,NA,NA,NA,NA,NA,NA,NA,NA,NA,NA
152,-0.224150075,0.538238976,0.339888104,0.03799855,-0.194668673,0.544724884,-0.440071862,0.438709763,0.502035814,-0.268136327,-0.071554339,0.379039406,-0.045374854,0.581753525,-0.120493466,-0.099738559,0.285996102,0.364298705,0.269958219,-0.319433966,-3.764158879,NA,NA,NA,NA,NA,NA,NA,NA,NA,NA,NA,NA,NA,NA,NA,NA,NA,NA,NA,NA,NA,NA,NA,NA,NA,NA,NA,NA,NA
153,-1.732064815,-0.031577558,-0.012355684,0.299439621,-0.053983424,0.468544942,-3.059317524,0.331515386,0.196726417,-0.22992843,0.7953168,1.27503817,0.036937219,-1.50399669,-0.134644539,0.651565484,-0.31047162,0.070428092,0.526328489,0.108400137,-0.254103179,0.209580308,2.625404298,-0.051624912,0.591777201,0.217127547,-0.094431907,-0.085705412,-1.311542099,NA,NA,NA,NA,NA,NA,NA,NA,NA,NA,NA,NA,NA,NA,NA,NA,NA,NA,NA,NA,NA
154,-3.767224945,0.408049105,0.3536854,0.163825173,0.120546475,-0.095729089,0.357930722,0.10403689,0.057574201,3.375175309,-0.225447257,0.208283127,0.145664629,1.1692589,0.331397461,-0.231579388,-3.265923188,0.176561138,-0.167427858,0.050026962,0.284109292,0.179980981,2.490615329,-0.225918959,0.408520808,-0.058818374,0.041182541,1.772684232,-0.226508587,-3.571468437,NA,NA,NA,NA,NA,NA,NA,NA,NA,NA,NA,NA,NA,NA,NA,NA,NA,NA,NA,NA
155,0.253094857,0.235759793,-0.016836857,-0.2191972,0.115239823,-0.173677915,0.174202626,0.29330749,0.047904301,0.362765672,-0.236178487,0.30887367,0.012644544,0.627980363,-0.182876112,0.700740463,-0.116601921,0.01865875,0.036819294,-0.076153438,0.657815542,0.040357062,0.076442298,0.16417895,0.487295113,0.205806689,0.281868706,-0.219668902,0.039413657,-3.054010872,-4.250012381,NA,NA,NA,NA,NA,NA,NA,NA,NA,NA,NA,NA,NA,NA,NA,NA,NA,NA,NA
156,-2.67794611,0.089885817,0.466422281,0.082928206,0.0962538,0.042243872,0.006984115,0.269368591,-0.221909488,0.316067132,-0.05811082,-0.153512636,0.263826088,1.001922463,0.609701894,-0.060351407,0.127975788,0.096371725,0.472554413,-2.839975895,1.715254462,0.182929121,0.233401281,-0.402571519,0.506516987,-0.171201477,0.696495141,-0.337004881,0.557814627,-0.496204451,NA,NA,NA,NA,NA,NA,NA,NA,NA,NA,NA,NA,NA,NA,NA,NA,NA,NA,NA,NA
157,-0.895618483,0.264651567,0.175381882,-0.448208729,0.357694871,0.066772398,0.189532955,-0.095611163,0.456162753,0.051442069,-0.144196513,-2.821343649,0.543427702,-0.437123722,3.446166525,0.011583214,-1.69621543,2.438610136,-4.055553054,0.791425255,1.295203449,0.239533413,-0.239008702,0.652273038,0.037173071,0.245075916,0.003210496,-0.498798814,0.031984344,-0.038063467,-0.138182307,0.341774914,-3.040449427,NA,NA,NA,NA,NA,NA,NA,NA,NA,NA,NA,NA,NA,NA,NA,NA,NA
158,0.441775829,0.011701139,0.253330709,0.275618648,-0.272381648,0.119838921,0.182575344,0.38080829,0.244014586,2.529766631,-0.106578245,0.245429693,-0.129102036,0.256396774,0.140122126,0.534229505,0.015828536,1.825986607,0.197551896,0.363591151,1.297797812,0.11288131,0.071961125,-0.018959518,0.282458334,0.219368134,-0.073912851,-1.024157395,NA,NA,NA,NA,NA,NA,NA,NA,NA,NA,NA,NA,NA,NA,NA,NA,NA,NA,NA,NA,NA,NA
159,-0.011766056,0.452035357,0.172551668,0.164414801,-0.236886041,0.348850451,-0.164715569,-1.606474043,0.376916745,-0.09702627,-0.050681507,1.104871519,-0.069785455,0.046135417,0.56713075,-0.117899103,1.798274089,0.02160689,-3.570525032,0.256396774,0.342836245,0.016771941,1.606055349,-0.370024051,0.086348049,0.883525154,-2.20011155,0.00981433,0.311114256,0.17302337,-0.107521649,-1.676286003,NA,NA,NA,NA,NA,NA,NA,NA,NA,NA,NA,NA,NA,NA,NA,NA,NA,NA
160,-1.474397363,0.182103642,0.088234859,-0.050799432,0.355454285,-0.013063238,-0.249504081,0.248495759,0.556399519,-0.79502794,0.342482468,-0.258584352,0.26724593,0.353567475,0.037526847,-0.250801262,1.975044574,0.077621554,-0.474388214,0.579984641,0.626801107,0.195547161,-3.372056235,0.009342627,0.092362255,1.944619768,0.398025429,0.083281983,0.310760479,-1.998458762,NA,NA,NA,NA,NA,NA,NA,NA,NA,NA,NA,NA,NA,NA,NA,NA,NA,NA,NA,NA
161,-1.959071609,0.336468262,1.073503307,0.873383552,0.055333614,0.717839676,-0.253395626,0.148612769,0.127268235,0.375619563,-0.236296413,0.218306803,0.275618648,0.009342627,0.680457258,-0.101979146,-0.137238902,0.191183914,0.252859006,-0.096790419,0.082692355,0.589182838,0.149438249,-0.22320667,0.459228819,0.052267548,0.165122354,-0.102450848,0.305689678,-0.031931335,NA,NA,NA,NA,NA,NA,NA,NA,NA,NA,NA,NA,NA,NA,NA,NA,NA,NA,NA,NA
162,0.05356473,0.289062168,0.211820895,-0.136059646,0.028210724,0.203801954,0.364534556,0.040710839,0.458167488,-0.296320547,0.638711593,-0.057167415,-0.139951191,0.230335215,-0.19502245,0.393898033,0.474087445,0.104272741,0.057927977,-0.359410747,0.535644612,0.046725045,0.475738404,-0.037237988,-0.341368129,0.555456114,-0.025681278,0.241066446,-0.126625598,0.282104557,-0.791490171,NA,NA,NA,NA,NA,NA,NA,NA,NA,NA,NA,NA,NA,NA,NA,NA,NA,NA,NA
163,0.252976932,0.153683571,-0.26483441,0.536116315,0.144013671,-0.098795155,0.098612312,0.115357748,0.296727332,0.015120982,0.132456961,0.542366372,-0.099856485,-0.045139003,0.020663486,0.60415939,0.167834643,-0.215777357,0.219014357,0.363827003,-0.212947142,0.144721224,0.511469863,-0.118606657,0.013116247,0.000734058,0.25545337,0.294958448,-2.386669861,NA,NA,NA,NA,NA,NA,NA,NA,NA,NA,NA,NA,NA,NA,NA,NA,NA,NA,NA,NA,NA
164,-3.448825805,0.494488575,-0.16872504,0.079272512,0.272316731,-0.114950963,0.117952112,0.234816388,0.429039863,-0.238536999,0.078211182,0.033635302,-0.99797791,0.128683342,0.602626357,0.074083786,-0.105870691,0.290359349,-0.031105856,-0.085115784,0.483285643,-0.116837772,0.334817303,0.062409151,0.441893755,1.913487407,-0.104573509,-1.756711267,0.143188192,-0.219786828,-2.300820019,NA,NA,NA,NA,NA,NA,NA,NA,NA,NA,NA,NA,NA,NA,NA,NA,NA,NA,NA
165,-0.392547842,-0.222852893,0.26323646,0.48281394,0.125735202,-0.173088287,0.189297104,0.375619563,-0.149149389,-0.022968989,-3.697530911,0.28953387,0.837652093,-0.40764232,0.280807375,-0.048676771,-0.753518126,1.853345348,0.107102956,-2.449406284,-1.92440148,0.273378062,-0.016247229,-0.036766285,0.027385245,-0.18830069,-0.274858086,0.142362712,-0.107639575,0.288826316,0.502507517,-0.281697771,-3.443283301,NA,NA,NA,NA,NA,NA,NA,NA,NA,NA,NA,NA,NA,NA,NA,NA,NA
166,0.036937219,0.178801725,0.295901853,0.135405101,-0.136885126,0.343425873,0.155334529,0.133518292,-0.146319174,0.615598174,-0.346556855,0.360525086,0.167716718,-0.100092336,0.609937745,0.03021546,0.280335673,-1.028520642,-1.316966677,-0.415779187,0.01571061,-0.257169245,-2.406717214,-0.718376295,-0.012355684,0.250500494,0.001913314,0.253212783,0.151796761,-3.526185003,NA,NA,NA,NA,NA,NA,NA,NA,NA,NA,NA,NA,NA,NA,NA,NA,NA,NA,NA,NA
167,-0.220730232,0.372317646,-0.007049032,0.381162067,-0.081224239,0.619489719,-0.071200562,0.095428321,0.103329336,0.312293512,0.161348735,-0.174149618,0.395784842,0.234108835,0.058163829,-0.27662697,0.426091723,0.131867333,0.178683799,0.306751009,-0.032049261,0.307104786,0.140475903,-0.471440073,0.409464213,0.246491023,0.261467576,0.286703656,-0.16200328,-3.864749422,NA,NA,NA,NA,NA,NA,NA,NA,NA,NA,NA,NA,NA,NA,NA,NA,NA,NA,NA,NA
168,0.359581681,-0.078276099,1.301099729,0.031748493,0.701565942,-0.110705641,0.522083168,-0.102450848,-0.131578473,0.228802182,-0.963897409,-0.258938129,0.169839379,0.262528906,-0.28441006,0.173848849,0.129626747,0.539654083,-0.341486054,-0.728635823,0.260642096,-0.36200511,-0.177805311,0.143541968,0.156513785,0.180452683,-0.079101578,0.344133426,0.081159322,-1.165550198,NA,NA,NA,NA,NA,NA,NA,NA,NA,NA,NA,NA,NA,NA,NA,NA,NA,NA,NA,NA
169,-0.54455395,0.30804819,4.61138945,-0.091601692,0.130923928,-0.282523251,0.164296875,-0.080044983,-0.056341936,-0.103983881,-1.895038004,0.248613684,-0.045964482,0.158282669,0.325147403,-0.339599245,0.45651653,0.123966318,0.186113113,-0.082049718,0.302269836,3.836028582,0.087173528,0.515007631,0.006512413,0.180216832,-0.122616127,-1.682182283,0.159697777,-1.784777561,NA,NA,NA,NA,NA,NA,NA,NA,NA,NA,NA,NA,NA,NA,NA,NA,NA,NA,NA,NA
170,0.198495301,0.356161838,-2.199639848,0.579041236,-0.244079503,0.485880006,0.962535311,0.650857931,-3.43042941,0.228448406,-0.354811648,0.071843199,0.663004268,0.021960667,0.056748721,-0.882646666,-0.510709301,0.394015958,0.13410792,0.381397918,0.034578707,0.380100736,0.234580537,-0.66990887,0.415242567,0.982228887,-0.461770174,0.346256087,2.841326085,-0.263773079,-3.047407038,NA,NA,NA,NA,NA,NA,NA,NA,NA,NA,NA,NA,NA,NA,NA,NA,NA,NA,NA
171,-3.517222657,0.235170165,-0.689366596,0.792958287,0.083399909,0.196254715,-0.315424495,0.533168175,0.335406931,2.343326246,0.155924157,-0.104219732,-0.215541506,0.227505001,0.649206972,-0.072026042,-0.117545326,0.46618643,-0.262240046,-0.001860305,0.312175587,0.237056975,0.002502942,0.291892382,0.048140152,0.355454285,-0.176626055,-0.039950277,0.597673482,NA,NA,NA,NA,NA,NA,NA,NA,NA,NA,NA,NA,NA,NA,NA,NA,NA,NA,NA,NA,NA
172,0.243071181,-0.295023365,0.587885656,0.363473226,-0.421675467,0.119720996,0.250736345,0.245665544,0.365713812,-0.241720991,0.156277934,0.322906817,0.018540825,0.313236917,0.152032612,0.12738616,-0.214126398,0.446021151,0.318425644,0.038352327,-0.104927286,0.195193384,0.305335901,-0.050917358,0.045074086,0.412176502,0.090711296,0.090711296,-0.534058571,NA,NA,NA,NA,NA,NA,NA,NA,NA,NA,NA,NA,NA,NA,NA,NA,NA,NA,NA,NA,NA
173,-0.422029244,0.429039863,0.425973798,-0.253985254,0.202622698,-0.008699991,0.380454513,-0.020964254,0.412530278,0.092598106,-0.210470705,0.420431294,-0.155517372,-1.330410197,-0.356462606,0.134933399,0.070428092,0.287529135,0.337765443,-0.88252874,-3.908617748,-0.218489646,0.075263042,0.141537233,0.471964785,4.613865888,-0.098205526,0.535408761,0.245665544,-0.425213235,NA,NA,NA,NA,NA,NA,NA,NA,NA,NA,NA,NA,NA,NA,NA,NA,NA,NA,NA,NA
174,-2.121691021,0.270076145,-0.176272278,-0.114361335,0.738240806,-0.25622584,0.61276796,-0.086884668,-0.138300233,0.198023599,0.485644155,0.122197433,-0.044549375,0.127268235,-2.019095743,-0.047851292,0.080333843,0.30403872,0.668664697,-0.276509045,0.348378748,0.358284499,-0.02697846,0.284345143,0.233283355,0.18941503,-0.737716095,NA,NA,NA,NA,NA,NA,NA,NA,NA,NA,NA,NA,NA,NA,NA,NA,NA,NA,NA,NA,NA,NA,NA
175,-0.11341793,0.329864428,0.528804927,-0.054808903,-0.14938524,0.365124184,0.139768349,0.280453598,0.033399451,-0.150682422,0.432577632,0.204037805,-0.021082179,-1.142554704,0.150499579,0.457813712,0.068423357,0.044248607,-0.037002136,-0.016011378,0.534583282,0.17113656,-0.155163595,0.158282669,0.199320781,0.425266244,0.168778048,-0.285707242,0.367482696,-1.104936436,NA,NA,NA,NA,NA,NA,NA,NA,NA,NA,NA,NA,NA,NA,NA,NA,NA,NA,NA,NA
176,-0.156107,0.355336359,0.145546704,-0.153040934,0.623027487,-0.220376456,0.137763614,0.694844182,-0.115422665,-0.076153438,0.154155273,0.154744901,-0.031577558,0.621494454,-0.023794468,0.052739251,0.245075916,-0.240895511,0.203448177,0.259109063,0.357812797,0.136230581,0.045427863,-0.039478574,0.026677692,0.151325058,0.498733897,-0.07851195,-2.989741416,0.143895745,NA,NA,NA,NA,NA,NA,NA,NA,NA,NA,NA,NA,NA,NA,NA,NA,NA,NA,NA,NA
177,-0.133936985,0.250382569,0.443662639,0.190594286,-0.059879704,-0.265659889,0.673499647,-0.123205755,0.149909951,-0.060233481,3.196871791,-0.053983424,0.001795388,-0.080516685,0.241184371,0.604866944,-0.553987998,0.176207362,0.110404873,0.162881768,0.286114028,-0.428751004,0.486351709,0.063470481,0.25061842,0.091536776,-0.091955469,0.769609017,-3.279012931,NA,NA,NA,NA,NA,NA,NA,NA,NA,NA,NA,NA,NA,NA,NA,NA,NA,NA,NA,NA,NA
178,-0.645969972,-0.037002136,0.401563197,-0.065540133,0.249675015,-1.211777036,0.787062007,0.207457647,0.34189284,-0.317311305,-1.164842644,-0.023676543,0.292599936,-0.223678373,0.220193613,0.092126404,0.33811922,-0.029219046,-0.063771249,0.441304127,1.261240874,2.638494041,-0.259291906,0.302387761,0.356987317,2.528587375,-0.256461691,0.683759175,-0.388420446,NA,NA,NA,NA,NA,NA,NA,NA,NA,NA,NA,NA,NA,NA,NA,NA,NA,NA,NA,NA,NA
179,4.01999253,0.577272352,-0.155635297,-0.053629647,0.485762081,-0.259645683,0.754278688,-0.574153277,0.81677926,-0.409175353,0.333991824,-0.000209347,0.39153952,-1.767324571,0.228448406,-2.547638314,0.207693499,0.314887876,0.26241098,1.976459682,0.175028105,-0.054101349,2.09756928,0.036819294,0.167834643,0.285524399,1.853109497,-0.576747641,NA,NA,NA,NA,NA,NA,NA,NA,NA,NA,NA,NA,NA,NA,NA,NA,NA,NA,NA,NA,NA,NA
180,-0.048205069,0.053093028,0.313826545,-0.117191549,0.727509575,-0.356344681,0.384463984,-0.082167644,0.494134799,-0.287829903,0.56147032,-0.26106079,0.14590048,0.380336588,-1.707654214,0.599796143,0.012408693,0.504748103,-0.101153667,-0.091012064,0.41760108,-0.169196742,0.037880624,0.436587102,-0.108700906,0.310996331,0.1837546,0.147315588,0.199910409,-1.868268891,-3.828428335,-0.505284723,NA,NA,NA,NA,NA,NA,NA,NA,NA,NA,NA,NA,NA,NA,NA,NA,NA,NA
181,0.021724816,0.35852035,0.215476589,0.053682656,-0.956232245,0.200735888,0.130452226,-2.02640713,-2.981486624,0.415360493,0.097904758,-0.260235311,0.515243482,-0.019077444,0.346963641,0.121018177,0.274557318,-0.243018172,-0.473208958,-1.122625277,-1.160715248,0.524559605,0.201443442,1.052276698,2.54993191,-0.211885812,0.113353013,0.335053155,-0.120021764,0.723971807,-0.070375083,0.130806003,NA,NA,NA,NA,NA,NA,NA,NA,NA,NA,NA,NA,NA,NA,NA,NA,NA,NA
182,-1.285952243,-0.216484911,0.627626586,-0.203748945,0.288944242,-0.06105896,0.164414801,0.037880624,0.307104786,-0.215895283,0.180098907,0.504512252,0.262293055,0.117362484,0.20415573,-0.29891491,0.38670457,0.287882912,0.023611626,-0.027686013,-0.406816841,-0.14938524,0.274439392,0.421846401,0.136820209,-0.153158859,0.289062168,0.513002896,-0.082639346,-0.542785066,NA,NA,NA,NA,NA,NA,NA,NA,NA,NA,NA,NA,NA,NA,NA,NA,NA,NA,NA,NA
183,0.387412124,0.040003285,0.200971739,0.036583443,-0.03770969,0.056394945,0.227151224,0.179980981,0.511351937,-0.949982188,-0.042426714,0.135640953,0.068423357,0.484582824,0.171018635,-0.013063238,0.245547619,-0.245140833,0.297906588,-3.280545963,NA,NA,NA,NA,NA,NA,NA,NA,NA,NA,NA,NA,NA,NA,NA,NA,NA,NA,NA,NA,NA,NA,NA,NA,NA,NA,NA,NA,NA,NA
184,0.413355758,-0.035115327,0.369015729,-0.355755053,0.001795388,0.369841209,-0.029336972,0.387058347,-0.243725726,0.385407389,-0.128158631,0.529040778,0.237646603,-0.458350331,0.575503468,-0.789603362,-0.05811082,0.358166574,-0.13570587,0.408402882,0.002620868,-0.101743295,0.673381722,-0.047615441,-0.102450848,0.13516925,0.021371039,0.237882454,0.34295417,-1.859424471,NA,NA,NA,NA,NA,NA,NA,NA,NA,NA,NA,NA,NA,NA,NA,NA,NA,NA,NA,NA
185,-0.015539676,0.052385474,0.412530278,0.113117162,0.011465288,0.100027419,0.231514471,0.218070952,0.25840151,-0.253395626,0.25545337,0.13516925,0.371728018,0.230099364,-0.325566097,0.26323646,0.12148988,0.171726188,0.000851984,0.295548076,0.230099364,0.235288091,0.044602384,0.017243643,-0.017780262,0.523380349,-3.66050227,NA,NA,NA,NA,NA,NA,NA,NA,NA,NA,NA,NA,NA,NA,NA,NA,NA,NA,NA,NA,NA,NA,NA
186,-0.791490171,-0.659649343,0.064413886,0.302269836,-0.266367442,0.215358663,0.186938592,0.239533413,-0.239244553,0.248024056,3.9365012,-3.500948923,0.553333454,0.442365457,-2.771461117,-1.371448308,0.373143126,-0.135234167,0.446492853,0.800387601,-0.130281292,0.722910477,-0.130281292,-3.005071745,-2.556011033,0.025144659,0.494842352,-0.379693951,1.555111487,0.248141982,0.066064844,0.393190479,-3.911212111,0.337411667,-3.780904315,NA,NA,NA,NA,NA,NA,NA,NA,NA,NA,NA,NA,NA,NA,NA
187,-3.483024231,-0.135234167,-0.255518287,0.161702512,0.029154129,0.07585267,3.959496693,0.249085387,0.842958745,-0.424977384,0.380572439,-0.132993581,0.210169936,0.105334072,0.524323754,-0.226626513,0.491658361,0.056277019,-0.162592908,-2.383132092,0.392836702,0.145782555,0.059578936,-0.139007787,0.10887184,3.409491661,0.139060795,-0.064714654,-0.052450391,-3.555194703,NA,NA,NA,NA,NA,NA,NA,NA,NA,NA,NA,NA,NA,NA,NA,NA,NA,NA,NA,NA
188,-3.269343031,0.05462606,0.350501409,0.217835101,-3.332551156,-0.043723896,0.778335512,-0.054926829,0.045427863,0.347199492,-0.377807141,0.534465356,-1.715083527,1.027276469,0.547437173,-0.2191972,0.28363759,0.689301679,0.038941955,4.630257547,-0.324740618,0.764302365,-0.00280371,-0.071082637,0.434346516,0.035522112,0.255571295,-0.432996325,0.555691966,-3.094931058,NA,NA,NA,NA,NA,NA,NA,NA,NA,NA,NA,NA,NA,NA,NA,NA,NA,NA,NA,NA
189,0.279274342,0.101914229,0.268543112,0.440478647,-1.271565319,0.356515615,0.048140152,0.06134782,0.209344457,0.504276401,NA,NA,NA,NA,NA,NA,NA,NA,NA,NA,NA,NA,NA,NA,NA,NA,NA,NA,NA,NA,NA,NA,NA,NA,NA,NA,NA,NA,NA,NA,NA,NA,NA,NA,NA,NA,NA,NA,NA,NA
190,-3.636445446,0.235995644,-0.203159317,0.330454056,0.029743757,0.118659665,0.559701436,0.180452683,-0.068724125,0.305217976,-0.074266628,0.320548305,0.26134965,-0.513657441,0.531399291,0.154980752,-0.130399217,-0.162239131,0.38458191,0.184698005,0.485054527,-0.108229203,3.619635093,0.145782555,0.153801496,-2.398816198,0.423379434,0.11075865,-0.073323223,-0.134526614,0.096489651,-0.376038257,NA,NA,NA,NA,NA,NA,NA,NA,NA,NA,NA,NA,NA,NA,NA,NA,NA,NA
191,0.238943785,-0.019902923,-0.059761779,0.543191851,-0.165305197,0.301208505,-0.151979603,0.437884284,-0.15422019,0.277269607,0.352152368,0.182457419,-0.292900704,0.545196587,-0.106932021,0.111230352,0.435289921,-0.162474982,0.38458191,0.307222711,-0.183583666,0.449912696,-0.195258301,0.379275257,-0.04443145,-0.021200105,0.451209878,0.070781869,-0.290895969,NA,NA,NA,NA,NA,NA,NA,NA,NA,NA,NA,NA,NA,NA,NA,NA,NA,NA,NA,NA,NA
192,-0.001034826,0.361704342,-0.06884205,0.356043913,0.143541968,0.166301611,-0.114715112,0.291302754,0.091536776,-0.168842965,0.597319705,-0.194550748,0.505573583,0.033399451,0.44201168,-0.397146941,0.102032155,-0.089125255,0.242717404,0.694254554,-0.182758187,0.492837617,-0.471086297,0.577744054,-0.033582294,0.184815931,0.222905902,0.150381654,-0.073323223,-2.058600821,NA,NA,NA,NA,NA,NA,NA,NA,NA,NA,NA,NA,NA,NA,NA,NA,NA,NA,NA,NA
193,-1.92145334,-0.257640947,0.121254029,0.320784156,-3.62936991,0.147905216,-0.045610706,0.418072782,0.022550295,0.284227218,-1.626403471,1.350038856,-0.121554797,0.274439392,1.937780083,0.473615743,-1.643738535,-2.821107798,-0.080162909,0.217363398,-0.127451077,0.728806757,-0.289127085,0.668192995,-0.00174238,0.215358663,-0.414128228,0.282930036,-2.444689259,0.650386228,0.600503696,NA,NA,NA,NA,NA,NA,NA,NA,NA,NA,NA,NA,NA,NA,NA,NA,NA,NA,NA
194,-0.002449933,0.042243872,0.213236002,0.386114942,0.293189564,-0.262829674,0.298024514,0.159344,-0.196791334,0.156160008,2.660428204,0.3730252,0.127622011,0.102032155,0.143188192,-0.10186122,0.295783927,0.161112884,0.374086531,0.012998321,0.16818842,-0.149739017,0.040828764,0.12255121,0.57408836,-3.478189281,-1.793268205,0.110522798,0.588357359,-4.004137489,-2.5254683,NA,NA,NA,NA,NA,NA,NA,NA,NA,NA,NA,NA,NA,NA,NA,NA,NA,NA,NA
195,0.179391353,-0.175800576,0.345076831,0.059696862,0.402624527,-0.109408459,0.09920194,0.520550135,0.145192927,-0.39313747,0.787062007,0.003210496,0.051442069,-0.264126856,0.287293284,0.33705789,0.361232639,0.043069351,0.220665315,-0.133347357,-0.334646369,0.862534396,-0.287947829,0.392247074,0.173495073,-0.278985482,0.507224541,-0.014478345,0.364062854,NA,NA,NA,NA,NA,NA,NA,NA,NA,NA,NA,NA,NA,NA,NA,NA,NA,NA,NA,NA,NA
196,0.075027191,-0.003865041,0.202504772,0.185759336,1.376454192,-0.185706327,0.196254715,0.543899405,-0.259409832,0.456634456,0.108046361,-3.687743085,0.374440307,-0.417665997,-1.696805058,0.141773084,0.1934245,0.116419079,0.402506602,-0.2629476,-0.016483081,0.589536615,3.807490585,-0.246673866,0.622673711,-0.179338344,0.424912467,0.032220195,-0.184173294,-0.490544022,NA,NA,NA,NA,NA,NA,NA,NA,NA,NA,NA,NA,NA,NA,NA,NA,NA,NA,NA,NA
197,3.89487346,0.444134341,0.00604071,-0.140776671,0.748500333,NA,NA,NA,NA,NA,NA,NA,NA,NA,NA,NA,NA,NA,NA,NA,NA,NA,NA,NA,NA,NA,NA,NA,NA,NA,NA,NA,NA,NA,NA,NA,NA,NA,NA,NA,NA,NA,NA,NA,NA,NA,NA,NA,NA,NA
198,0.47102138,-0.281579846,0.323496445,-0.187593137,0.00120576,1.216547069,0.542602223,-1.136540498,0.157810967,0.486233783,0.050734515,0.12148988,-0.26884388,0.617484984,0.035993815,-0.136413423,0.251797676,-2.127941078,0.293425415,-0.009997172,0.347553269,0.319722826,0.119838921,-0.102568774,0.040121211,0.61866424,-0.292075225,0.092126404,0.069720538,0.733641707,-2.051053582,NA,NA,NA,NA,NA,NA,NA,NA,NA,NA,NA,NA,NA,NA,NA,NA,NA,NA,NA
199,0.504512252,-0.265070261,0.489653626,0.063470481,0.247906131,-0.35233521,0.491540435,-1.211423259,0.343307947,-0.394080875,0.374794084,0.502271666,0.075616819,0.142362712,-0.09112999,0.007219966,-0.492430831,0.16335347,1.345557683,0.548616429,0.306397232,-0.248914453,0.175381882,0.507460392,0.031040939,0.085050867,0.29436882,-0.044667301,0.076088521,-2.155889447,NA,NA,NA,NA,NA,NA,NA,NA,NA,NA,NA,NA,NA,NA,NA,NA,NA,NA,NA,NA
200,-3.229130399,0.37892148,-0.104691435,0.248849536,0.922912307,-2.911556738,-2.319334339,-0.056459862,-0.120847243,0.552390049,0.33222294,0.421492625,0.498380121,0.038706104,-1.139134862,0.139532498,0.124791797,-0.074384554,0.062291225,0.416539749,0.040003285,-1.572983171,0.06429596,-0.210116928,0.265948749,0.512059491,0.221254944,-0.273796756,0.115239823,0.334345601,-0.135116242,0.199320781,0.424794542,-0.116483996,0.093541511,0.189768806,0.236231496,0.185523485,-0.192899789,0.608522638,0.14672596,NA,NA,NA,NA,NA,NA,NA,NA,NA
201,-3.829489665,-0.356462606,0.215476589,0.660645756,-0.392665768,0.130806003,0.368897804,-0.156578702,0.61276796,0.160287405,0.107102956,3.967869411,-0.193489417,0.268189335,0.259109063,-0.020374626,0.103211411,0.338001295,0.16335347,1.451690729,-0.164361792,0.456752381,0.058753457,0.194485831,0.17597151,0.399794313,0.299911324,-0.110233938,0.107928435,-2.716389858,NA,NA,NA,NA,NA,NA,NA,NA,NA,NA,NA,NA,NA,NA,NA,NA,NA,NA,NA,NA
202,-3.687389308,0.42939364,-0.18429122,-0.125918044,0.872675998,0.021135188,-0.466251347,0.315241652,0.291892382,-0.160824024,0.459582596,0.29543015,0.23316543,-0.105752765,0.20792935,0.332340866,0.321963412,0.22349553,0.482931866,-0.252805998,0.254981667,0.677744969,-0.383231719,0.400737718,0.298260365,-0.814839442,-0.277924152,0.429511566,0.810175426,NA,NA,NA,NA,NA,NA,NA,NA,NA,NA,NA,NA,NA,NA,NA,NA,NA,NA,NA,NA,NA
203,-0.906939341,0.638829519,-0.105988617,-0.137710605,-1.716970337,0.629513396,-0.23877285,0.330689907,0.269250666,-0.192899789,-0.000563124,0.45462972,0.062998779,-2.470514967,0.144603299,-0.009643395,0.69543381,-0.15422019,0.277387533,-0.191012979,2.597455929,-0.073087372,-0.124974639,0.515479334,-0.246084238,0.658641021,0.191773542,-0.111177343,0.042479723,-1.98643035,NA,NA,NA,NA,NA,NA,NA,NA,NA,NA,NA,NA,NA,NA,NA,NA,NA,NA,NA,NA
204,0.251325973,-0.244315354,0.646966386,-0.256343766,0.150853356,0.167362941,0.384346058,-0.167781635,0.144721224,0.34189284,0.033517377,0.084579165,0.096017949,0.079980066,0.400030164,0.150145802,-0.163300462,0.212882225,-3.374414747,NA,NA,NA,NA,NA,NA,NA,NA,NA,NA,NA,NA,NA,NA,NA,NA,NA,NA,NA,NA,NA,NA,NA,NA,NA,NA,NA,NA,NA,NA,NA
205,-1.864849049,-0.123441606,-0.107875426,0.238118305,-0.184762922,-0.005044297,0.224910637,0.51665859,0.16712709,-0.246673866,0.085168793,0.562177874,-0.262829674,0.430572896,-3.770762713,0.381751695,-0.119078359,0.335878634,0.254509965,0.128565416,-0.189715798,0.564654312,-0.001152752,-0.149149389,-1.05540768,0.137527762,-0.062709919,-0.058582522,0.299439621,-0.089714883,-1.275574789,NA,NA,NA,NA,NA,NA,NA,NA,NA,NA,NA,NA,NA,NA,NA,NA,NA,NA,NA
206,-0.322735883,0.342246617,0.13811739,0.083989537,0.133282441,0.206750094,-0.185824253,0.513592524,-0.036176657,0.224674786,0.069720538,-0.103394253,0.444723969,-0.301155497,0.127622011,0.48847437,0.162645917,-0.073677,-0.001152752,1.408294106,0.247552354,0.134815473,0.369959134,0.257340179,0.510408532,0.13410792,0.255689221,-0.171201477,0.012644544,-3.000354721,NA,NA,NA,NA,NA,NA,NA,NA,NA,NA,NA,NA,NA,NA,NA,NA,NA,NA,NA,NA
207,0.385407389,0.277741309,0.08953204,-0.113300004,0.431044599,1.541667968,0.37597334,-0.066011836,-0.077922322,0.617838761,0.102975559,-1.54373762,NA,NA,NA,NA,NA,NA,NA,NA,NA,NA,NA,NA,NA,NA,NA,NA,NA,NA,NA,NA,NA,NA,NA,NA,NA,NA,NA,NA,NA,NA,NA,NA,NA,NA,NA,NA,NA,NA
208,0.310878405,0.236939049,0.122904987,-3.755432384,0.43128045,0.124555946,-0.132993581,0.129037119,0.285052697,2.74910826,1.941553702,2.555238562,-0.127804854,0.442129606,0.178447948,0.227976703,0.250736345,0.430808748,-0.039950277,0.051088292,0.274321467,-0.009171693,-0.058228746,-3.516633029,NA,NA,NA,NA,NA,NA,NA,NA,NA,NA,NA,NA,NA,NA,NA,NA,NA,NA,NA,NA,NA,NA,NA,NA,NA,NA
209,-0.069077902,0.096135874,0.510526458,0.137999465,-2.612379473,-0.184409145,0.058635531,0.336468262,0.484111122,0.407223626,0.345548534,-0.210942407,0.524913382,0.192834872,-0.297617728,-0.088063924,3.25890066,-3.677601483,0.058989308,0.372553498,0.140475903,0.454747646,0.47503085,0.218778506,0.044484458,0.061701597,-2.874056395,-1.532534687,-0.237947371,0.117480409,0.160287405,0.478214842,NA,NA,NA,NA,NA,NA,NA,NA,NA,NA,NA,NA,NA,NA,NA,NA,NA,NA
210,0.179980981,-0.215659431,0.33410975,0.012526619,0.365595887,0.470549677,-0.316603751,0.151442984,0.175853585,0.085876346,0.384935686,0.007102041,0.255099593,-0.282994953,0.562177874,-0.102804625,0.313944471,-0.032992666,0.537649348,-0.230871835,0.071253571,0.450384398,-0.131814325,0.473261966,-0.129337887,0.024908807,0.497554641,-0.23476338,0.575503468,NA,NA,NA,NA,NA,NA,NA,NA,NA,NA,NA,NA,NA,NA,NA,NA,NA,NA,NA,NA,NA
211,-1.129818739,0.513120821,0.125145574,0.127622011,-0.110233938,0.407695329,-0.085115784,0.317836016,0.375619563,-1.355528351,0.042951425,-1.646332898,-0.152805083,0.258047733,0.195547161,0.213707705,0.183518749,-0.285589316,0.305807604,0.01759742,3.602889657,-0.124385011,-0.092545097,0.592248904,0.083871611,0.173730924,-0.203041391,0.134815473,0.484464899,-2.193036014,NA,NA,NA,NA,NA,NA,NA,NA,NA,NA,NA,NA,NA,NA,NA,NA,NA,NA,NA,NA
212,-2.001642753,0.282694185,0.178330022,-0.001152752,0.308284042,0.282222482,0.520314283,-0.174267543,0.099555717,0.021842742,0.108635989,0.983643994,-0.001978231,0.688476199,0.35934583,0.26807141,0.030687162,-0.094313981,0.373850679,-0.118842508,0.265123269,-0.222381191,-0.252923923,0.022314444,0.513592524,-0.381580761,0.703570677,-0.432406697,-0.711654535,NA,NA,NA,NA,NA,NA,NA,NA,NA,NA,NA,NA,NA,NA,NA,NA,NA,NA,NA,NA,NA
213,-0.071908116,0.243660809,0.394723512,-0.104219732,-0.340778501,4.462567334,0.229509736,0.034578707,-0.238065297,0.015946461,-4.052604914,0.459582596,-0.030162451,0.349086302,-0.243725726,0.776684554,-0.410236683,0.419723741,0.35451088,0.053918507,-0.113771707,-2.176408503,0.278213012,0.301798133,4.662451238,-0.304221562,-0.030280377,-0.308231033,-0.135823795,NA,NA,NA,NA,NA,NA,NA,NA,NA,NA,NA,NA,NA,NA,NA,NA,NA,NA,NA,NA,NA
214,0.402978304,0.20792935,0.009224702,0.008045446,-0.031577558,0.227505001,0.061583671,0.044012756,0.366067589,0.224910637,-0.183111964,0.238354157,-0.563893749,-0.455638042,0.493073468,0.347907046,-0.132050176,-1.165078495,0.516304813,-0.079809132,1.427987682,-0.0833469,0.666070334,-0.263537228,0.231986174,0.271255401,-0.01141228,0.239179636,0.202858549,-2.122162724,NA,NA,NA,NA,NA,NA,NA,NA,NA,NA,NA,NA,NA,NA,NA,NA,NA,NA,NA,NA
215,0.015946461,0.504158475,0.035404187,0.05356473,-0.059054225,0.370902539,0.296727332,0.213000151,0.002620868,-1.048685921,0.319958677,0.139532498,0.06806958,0.233872983,0.132810738,0.112055831,-0.015893453,0.370784613,0.168778048,-0.25516451,-0.086884668,0.242599478,0.57408836,-0.145611621,-0.041601235,0.37196387,0.346020236,-0.22320667,0.286231953,0.160994958,-1.806357947,0.664065599,0.096961353,-0.254221105,0.281514929,0.296845258,NA,NA,NA,NA,NA,NA,NA,NA,NA,NA,NA,NA,NA,NA
216,0.242363627,0.034578707,0.220665315,-3.953311553,0.658287244,1.473035264,0.075970595,0.427506831,0.033753228,0.225028563,-0.062827844,0.062762927,0.527036043,4.059143831,0.022314444,-0.075799661,0.211820895,-0.052922093,0.586824326,0.027974873,-0.075327959,-2.281362293,-0.202215912,0.290123498,-1.825933598,0.371610093,0.387883827,-0.569318327,0.557107073,-0.098205526,-0.937482073,-2.909434077,NA,NA,NA,NA,NA,NA,NA,NA,NA,NA,NA,NA,NA,NA,NA,NA,NA,NA
217,-1.75741882,0.421256773,0.068659208,-3.290687566,0.388237603,0.598145184,0.081513099,-0.220140604,0.087999007,0.302741538,-0.500449773,-0.053511721,0.137881539,0.536352166,-0.022968989,-0.008346214,0.401445271,-0.220376456,0.55557404,0.164414801,-0.184173294,0.292010308,0.167362941,0.046017491,1.398270429,0.514064226,0.248967461,0.121725731,2.818684369,0.416657675,NA,NA,NA,NA,NA,NA,NA,NA,NA,NA,NA,NA,NA,NA,NA,NA,NA,NA,NA,NA
218,-0.008464139,0.339416402,-0.252452221,0.76229763,-0.084997858,-0.18429122,0.412412353,-0.157875884,0.238354157,0.342718319,0.092126404,-0.037002136,0.418544484,0.256042998,-0.283702507,0.345076831,0.030097534,0.436705028,-0.276037342,0.464181694,-2.043624269,0.452271208,-0.197380962,0.056041168,0.464889248,0.143895745,0.163825173,0.212410523,-0.099856485,-0.07662514,-3.442811599,NA,NA,NA,NA,NA,NA,NA,NA,NA,NA,NA,NA,NA,NA,NA,NA,NA,NA,NA
219,-2.923113448,0.15745719,-0.166130676,0.146018406,0.415360493,0.066890324,-0.262122121,0.612296257,0.203801954,-0.175446799,0.423025658,2.88979351,0.167480867,0.154980752,0.090357519,0.281161152,0.16040533,-0.435944466,0.296845258,0.493781022,0.358992053,-0.122616127,0.433874813,0.078682884,-3.630667091,-2.30695215,0.286231953,0.328213469,-0.189951649,0.478096916,-3.266394891,NA,NA,NA,NA,NA,NA,NA,NA,NA,NA,NA,NA,NA,NA,NA,NA,NA,NA,NA
220,0.158282669,0.293779192,0.064885588,0.236467347,-0.245258759,0.11665493,0.24979294,-0.066011836,0.286821581,0.45356839,-0.056813638,0.206868019,0.340713584,-0.167074081,0.563239205,-0.250801262,0.221844572,0.382577174,0.105805774,-0.003275413,4.301952656,0.001913314,-0.203631019,0.208401052,0.097904758,0.237410752,-0.038888946,0.475502553,0.09248018,NA,NA,NA,NA,NA,NA,NA,NA,NA,NA,NA,NA,NA,NA,NA,NA,NA,NA,NA,NA,NA
221,-2.552119488,-0.192192235,0.327741767,-0.049738102,0.17679699,0.114296418,0.415950121,-0.229692579,0.578097831,-0.053040019,0.200735888,0.316302983,-0.090422436,0.111112426,-1.481119123,-2.150229018,0.17113656,0.161702512,0.095546246,-0.121554797,0.254981667,0.182221568,-0.054455126,0.156277934,0.15450905,3.518572848,-0.136413423,0.324793627,-0.131814325,0.055569465,0.366185515,-3.581492113,NA,NA,NA,NA,NA,NA,NA,NA,NA,NA,NA,NA,NA,NA,NA,NA,NA,NA
222,-3.382669539,0.131277705,-0.380755281,0.331397461,0.191419765,0.216184142,0.328213469,0.306161381,0.259344915,0.189179178,3.032365569,0.134225845,0.2565147,-0.31259428,0.315595429,0.385761166,0.008045446,0.033989079,-3.75472483,-1.316966677,0.004861454,0.105687848,0.104626518,0.191773542,0.100970824,0.0525034,-0.041129533,0.266538377,0.176207362,0.389298934,NA,NA,NA,NA,NA,NA,NA,NA,NA,NA,NA,NA,NA,NA,NA,NA,NA,NA,NA,NA
223,0.294486746,-0.024502022,0.205688763,1.570205965,0.13894287,0.196490566,0.219014357,-0.106342393,-0.051624912,0.320784156,0.137645688,0.245075916,0.436351251,-0.388184595,-1.391141884,-2.671106425,0.111230352,-0.034997401,0.678570448,-1.440788565,0.087763156,0.436469177,-0.087592222,0.031394716,-1.925580736,-0.296792249,0.49248384,3.333311719,-0.576393864,NA,NA,NA,NA,NA,NA,NA,NA,NA,NA,NA,NA,NA,NA,NA,NA,NA,NA,NA,NA,NA
224,-0.102568774,0.170782784,-2.958255279,-1.026633832,-0.416604666,-2.419453179,0.057456275,0.531753067,-0.049856028,0.055923242,0.416893526,0.195783012,-0.199385698,0.501092409,0.749325813,-0.044785226,-4.02265181,-2.992925407,0.30510005,0.240240966,-0.095021535,0.469488347,-3.912745144,NA,NA,NA,NA,NA,NA,NA,NA,NA,NA,NA,NA,NA,NA,NA,NA,NA,NA,NA,NA,NA,NA,NA,NA,NA,NA,NA
225,-0.114243409,0.625739776,0.021724816,-0.066129761,0.03799855,0.613475513,-0.157050405,0.053328879,0.360643011,0.200264185,-0.214716026,0.378685629,0.192599021,0.188235773,-0.086059189,0.435054069,-0.282641176,-0.012355684,0.171608263,0.505455657,0.223023828,-0.2726175,0.160523256,0.461115629,-0.120493466,-0.077568545,0.233401281,0.107928435,0.651093782,-2.299522837,NA,NA,NA,NA,NA,NA,NA,NA,NA,NA,NA,NA,NA,NA,NA,NA,NA,NA,NA,NA
226,0.222316274,0.213943556,-0.045139003,0.28363759,0.114532269,-0.105870691,0.490361179,-0.199503623,0.123022913,-0.085115784,-2.056360235,-0.123559532,0.414417088,-0.060941035,-0.047733367,-0.055988159,0.665126929,-0.181107228,0.350147632,-0.140894596,0.552743825,-3.659205088,-1.979472739,0.347907046,0.504394327,0.196136789,-0.022497287,-3.249649454,NA,NA,NA,NA,NA,NA,NA,NA,NA,NA,NA,NA,NA,NA,NA,NA,NA,NA,NA,NA,NA,NA
227,-0.358703193,-0.243725726,0.499913153,-0.215187729,0.383048877,-0.086766743,-0.054337201,0.219839836,0.313826545,-0.399151676,0.446964556,0.05545154,-0.151507901,0.58753188,-0.455284265,0.166301611,0.543191851,-0.252452221,0.166419536,0.028092799,0.242245702,-0.268136327,0.285170623,0.299085844,-0.11931421,0.342246617,0.140122126,0.419016187,-0.260942864,-0.084054454,NA,NA,NA,NA,NA,NA,NA,NA,NA,NA,NA,NA,NA,NA,NA,NA,NA,NA,NA,NA
228,-0.055634382,0.449440994,-0.024855799,0.053800581,0.016064387,0.518545399,-0.216366985,0.097904758,0.14189101,0.469488347,0.21677377,0.167716718,-0.000209347,0.089178263,0.053328879,0.260642096,-0.050091879,0.350383483,0.274203541,0.033989079,-0.285471391,0.353921252,0.45062025,-0.015303825,0.301562282,-0.413892377,0.040003285,-0.427925524,-0.00657733,0.315005801,NA,NA,NA,NA,NA,NA,NA,NA,NA,NA,NA,NA,NA,NA,NA,NA,NA,NA,NA,NA
229,-1.560836833,0.146136332,0.117008707,0.124084243,0.127739937,0.267481782,0.142126861,-0.407878171,0.162999694,-0.488893063,0.180098907,-0.03098793,0.114414343,0.294486746,0.277387533,0.037408922,0.085876346,0.053446804,0.495549906,0.11854174,-2.229592952,0.301444356,-0.316603751,0.280099822,0.201443442,0.070899794,0.105216146,-0.314245239,0.343897575,0.46618643,-1.928293025,NA,NA,NA,NA,NA,NA,NA,NA,NA,NA,NA,NA,NA,NA,NA,NA,NA,NA,NA
230,0.395902768,-0.094903609,-0.00952547,0.331397461,0.270194071,-0.335000146,0.526210564,0.357105243,-0.136413423,0.124673871,-0.024266171,0.026088064,0.186348964,-0.006695255,0.150971282,0.237056975,0.42054922,-0.060469332,0.346374013,0.025026733,0.298378291,0.030687162,0.290713126,0.048847706,0.088352784,0.186466889,0.117480409,-0.231933165,0.163117619,-0.063181621,NA,NA,NA,NA,NA,NA,NA,NA,NA,NA,NA,NA,NA,NA,NA,NA,NA,NA,NA,NA
231,-0.099148931,0.272670508,0.472554413,0.041418392,0.149909951,-0.377453364,0.342600393,0.439771094,0.040121211,0.081513099,0.030687162,0.393780107,-0.33676903,0.401445271,0.325854957,0.142126861,0.35262407,0.127622011,0.008045446,0.210169936,-0.263773079,0.058989308,0.425855872,0.288826316,-0.218961348,0.596494226,-0.291249746,0.481516759,-0.637125552,NA,NA,NA,NA,NA,NA,NA,NA,NA,NA,NA,NA,NA,NA,NA,NA,NA,NA,NA,NA,NA
232,0.29436882,-0.000445198,-0.044785226,-0.025563352,0.454393869,-0.009289619,0.506870764,-0.020964254,-0.116601921,-2.22051268,-0.531817984,0.36819025,0.223731381,-0.300330017,0.496847088,0.00604071,-0.024384096,0.251090122,-2.208012566,0.15073543,-0.149031463,0.42455869,-0.126625598,0.299793398,-0.218489646,0.51960673,0.177032841,-0.107049947,0.565008089,-0.433703879,NA,NA,NA,NA,NA,NA,NA,NA,NA,NA,NA,NA,NA,NA,NA,NA,NA,NA,NA,NA
233,0.373732754,0.046371268,0.139414572,-0.033464368,-0.042662565,0.56040899,-0.357052234,0.502035814,0.053682656,-0.312712206,0.282930036,-0.08146009,0.600031994,-0.037120062,-0.11636607,-3.81109327,-0.444317184,0.4167756,-0.001152752,-0.086412966,0.139414572,0.09141885,0.392600851,-0.18912617,-0.142427629,4.388392127,-0.111649046,-2.886910287,-2.582190517,0.344015501,0.497672567,-0.390071404,-3.81970184,NA,NA,NA,NA,NA,NA,NA,NA,NA,NA,NA,NA,NA,NA,NA,NA,NA
234,-1.412486419,0.006630338,0.655928732,-0.241131362,0.379275257,0.273849764,-0.053040019,-0.25221637,0.85758152,-0.020964254,-3.488095032,0.327505916,-0.421793393,0.670433581,-0.349858772,-0.274504309,-0.557054064,0.323732296,0.539654083,0.590008317,4.202777221,0.063470481,0.136584358,0.017125717,0.186702741,0.199674557,-0.116483996,0.056394945,-0.411651791,-0.460355066,NA,NA,NA,NA,NA,NA,NA,NA,NA,NA,NA,NA,NA,NA,NA,NA,NA,NA,NA,NA
