FID,Canopy,Elev,EVI,EVI_std,NDVI,NDVI_std,NPP,NPP_std,PrecipYear,TRI,TotalPrecip_JuneSep,MeanMonthlyPrecip_JuneSep,NumSettlements,PercWater,DistWater,DistGoodPA,DistSettlementNEW,DistInsidePA,Latitude,LivestockSignPer500m,LivestockPropSegs,DirectCattle_Per500m,HumanSignPer500m,HumanPropSegs,DirectPeople_Per500m
5,-1.186175081,-0.752502787,-1.204313606,3.199830775,-1.474136568,1.7066241,-1.152182155,-0.034287083,-1.506721805,-0.858824134,1.242057604,0.565272665,1.723371623,1.434240083,-0.726180127,-1.501328802,-0.960001687,-1.389850512,-1.809889256,1.192943038,1.139568953,-0.137689911,1.889003021,0.484352614,5.7202935
7,-1.022195164,-0.593463756,-0.981197171,-0.186337349,-0.621799345,-0.156437962,-1.539333037,2.059192366,-1.47372252,2.033205899,0.01793445,0.565272665,-0.626338267,0.93844538,-0.903291162,-1.042986742,-0.330460725,-1.436154557,-1.634084322,1.034324931,0.67434591,-0.401167651,-0.49566734,-0.534246771,-0.449100415
8,-1.224081788,-0.583635974,-0.871875204,-0.348916118,-0.620635019,-0.001038712,-1.523249714,1.014980739,-1.457905792,0.233784177,0.022218881,0.565272665,1.429657887,0.703345337,-0.767797854,-1.059576922,-0.479867312,-1.252569235,-1.634084322,1.91612774,0.829420257,-0.172376873,0.540814021,0.606584541,0.282579107
9,-1.660677095,-0.606476783,-1.483125786,-0.510135044,-1.662154791,-0.41082694,-1.817526598,0.468651973,-1.462541963,-1.41619156,0.030665331,0.565272665,0.254802942,0.082224393,-0.243953845,-1.063695323,-0.546673424,-1.132336271,-1.634084322,1.286894055,1.015509475,-0.126060921,1.404454296,1.348124893,4.020572027
10,-1.33881232,-0.635039079,-1.442820929,-1.220889786,-1.72732845,-0.92050232,-1.649721756,0.449055997,-1.439981152,-1.177470641,0.564383026,0.565272665,2.898226568,0.373967652,-0.569416898,-1.124181934,-0.923496786,-1.263827554,-1.634084322,2.247082077,1.389688868,6.625919094,1.994585621,2.313888543,0.051989383
11,-1.329718622,-0.629887301,-0.990922887,-0.905944003,-1.389927329,-0.729647209,-1.467270874,-0.036041514,-1.407235803,-1.3896981,1.13188652,0.565272665,2.604512832,0.39950233,-0.64791719,-1.25160864,-1.046688412,-1.327461299,-1.634084322,0.908108162,1.341839841,4.004778848,0.576468427,1.005166909,-0.094307563
12,-1.400512575,-0.623170349,-1.436143208,-0.286180818,-1.632376034,-0.70834443,-1.376943947,-0.620194098,-1.372939722,-1.153899003,1.242057604,0.565272665,7.010218875,0.480603282,-0.395177712,-1.369237946,-0.787001476,-1.198322801,-1.634084322,2.686228281,1.604791995,6.227776563,3.677013624,2.195599582,1.874050244
13,-1.482062516,-0.609651049,-0.780598418,-0.16961244,-1.201572882,-0.708504504,-0.952245202,-1.608809038,-1.353906889,-1.329123199,1.242057604,0.565272665,-0.626338267,-0.294270745,0.401867835,-1.433604086,-0.002120454,-1.013459705,-1.634084322,-0.785711318,-0.796186696,-0.029856986,-0.565197183,-0.611519828,0.070414315
14,-1.291420788,-0.701779185,-0.142169014,-0.430045225,-0.808052777,-0.931845791,-1.17725859,-0.89205151,-1.395286044,-1.093377625,1.242057604,0.565272665,-0.626338267,-0.294196863,0.852860253,-1.460275557,1.302049084,-0.765993738,-1.634084322,-0.843177312,-0.895006487,-0.401167651,-0.650189758,-0.767302311,-0.449100415
15,-1.471534686,-0.786431569,0.119155375,-0.949946255,-0.705724346,-1.05850284,-1.116661664,-0.71778768,-1.463699465,-0.905210802,1.081085409,0.565272665,-0.626338267,-0.29238664,-0.231657829,-1.483877748,2.075043578,-0.643066521,-1.634084322,-0.935702915,-1.031471913,-0.401167651,-0.676720463,-0.803157009,-0.449100415
16,-0.071952569,-0.858885842,-0.248819041,-1.318720802,-0.773633941,-0.988734084,-0.690140275,-1.746045251,-1.545153583,-1.660807213,1.189420308,0.565272665,-0.626338267,-0.294252272,1.404049894,-1.501779968,3.232064792,-0.374498225,-1.634084322,-0.935702915,-1.031471913,-0.401167651,-0.787035708,-0.982430501,-0.449100415
17,-0.979529748,-0.96320233,0.232113151,-1.292377812,-0.79662823,-0.979129689,-1.10276282,-0.922009896,-1.623317633,-2.305393835,1.242057604,0.565272665,-0.626338267,-0.294270745,3.215788607,-1.515322785,4.082530117,-0.331217721,-1.634084322,-0.935702915,-1.031471913,-0.401167651,-0.677092855,-0.803157009,-0.449100415
18,-0.660305079,-1.036925333,-0.586968251,-0.957572008,-1.481402148,-0.991565424,-0.979022846,-1.184318267,-1.686066814,-2.240799908,1.242057604,0.565272665,-0.626338267,-0.294270745,3.94320772,-1.524032183,4.310804115,-0.425439452,-1.634084322,-0.935702915,-1.031471913,-0.401167651,-0.636485895,-0.737966648,-0.449100415
21,-1.163489726,-0.380232851,-0.984766654,-0.230328101,-0.951367334,0.073272213,-1.317970628,-0.020415811,-1.646042393,1.96307243,0.01793445,0.565272665,-0.626338267,0.442177394,-0.567948015,-0.868587947,-0.38448101,-1.207827221,-1.458279388,-0.712349904,-0.690308348,-0.401167651,-0.126354671,0.09321045,-0.449100415
22,-1.994406049,-0.286735951,-0.011227517,-0.427170294,-0.843386462,-0.562811052,-1.5275756,-0.174733852,-1.532168358,0.909968326,0.01793445,0.565272665,-0.626338267,0.225821504,-0.118170314,-0.908788927,1.356967185,-1.014620231,-1.458279388,-0.441391833,-0.273330658,-0.401167651,-0.421491096,-0.384852195,-0.449100415
23,-1.67860374,-0.22813158,0.001655117,-1.486086331,-0.900821735,-1.251420071,-1.323612361,-1.014759746,-1.427602414,-1.552767903,0.022463706,0.565272665,-0.626338267,-0.294270745,0.922963304,-0.921903777,1.635448281,-0.823723522,-1.458279388,-0.935702915,-1.031471913,-0.401167651,-0.571938267,-0.635449549,-0.449100415
25,-1.638839181,-0.304871478,-0.619549978,-1.030602435,-1.344442319,-1.121641956,-1.459069167,-0.536813017,-1.307594482,-1.865432094,0.796476776,0.565272665,-0.626338267,-0.294270745,1.426735508,-1.067603959,0.65672557,-0.780876877,-1.458279388,-0.548385981,-0.438143974,-0.401167651,-0.357402557,-0.280925533,-0.449100415
26,-1.435485831,-0.371848251,-0.31754711,-1.409052562,-1.093743664,-1.292361881,-1.188968402,-0.551157503,-1.266099454,-1.537927673,1.219533738,0.565272665,-0.33262453,-0.294270745,1.142501197,-1.177510515,-0.127813927,-0.845346539,-1.458279388,-0.489664987,-0.349144783,-0.401167651,-0.347240427,-0.444610025,-0.449100415
28,-0.723667623,-0.575496579,-0.329837061,-0.499516487,-0.539364743,-0.804141386,-1.095248542,-0.757864895,-1.245620667,-0.895455175,1.242057604,0.565272665,-0.626338267,-0.29415984,2.383295312,-1.298847093,1.908360721,-0.575613848,-1.458279388,-0.635591678,-0.560901479,-0.401167651,-0.787035708,-0.982430501,-0.449100415
35,-1.244322601,-1.144236757,-0.667178787,-0.616035991,-1.171224419,-0.873456722,-1.706079887,-0.749349198,-1.528947322,-0.454646811,1.062723562,0.565272665,-0.626338267,-0.294270745,3.379636246,-1.484981755,1.548066201,-0.124181086,-1.458279388,-0.935702915,-1.031471913,-0.401167651,-0.605008837,-0.699367093,-0.022818993
36,-0.749416805,-1.213082467,-0.193823684,-0.520375547,-0.797560613,-0.714320015,-1.778540884,-0.757917474,-1.516842243,1.033205491,0.305970628,0.565272665,-0.626338267,-0.293808345,2.214276055,-1.503352039,1.541502393,-0.219347258,-1.458279388,-0.935702915,-1.031471913,-0.401167651,-0.681070005,-0.814361602,0.047213235
37,0.249455891,-1.271428212,-0.527508911,0.392646381,-0.474334741,0.039377972,-1.558646115,-0.816483281,-1.518587741,1.5174787,0.01793445,0.565272665,-0.626338267,-0.294270745,1.45810572,-1.516162832,1.744870207,-0.314115786,-1.458279388,-0.935702915,-1.031471913,-0.401167651,-0.787035708,-0.982430501,-0.449100415
38,-0.22468759,-1.32570426,-0.555964374,-0.083848945,-0.550877268,-0.251948813,-1.531222025,-0.169249511,-1.478305686,0.548523568,0.01793445,0.565272665,-0.626338267,-0.294270745,2.426919092,-1.523482834,0.281128032,-0.411134044,-1.458279388,-0.935702915,-1.031471913,-0.401167651,-0.787035708,-0.982430501,-0.449100415
39,-0.045258164,-1.390741339,-0.51876532,0.127676956,-0.458181523,-0.179500822,-1.107350547,-0.898607824,-1.449310199,-1.105081944,0.01793445,0.565272665,-0.626338267,-0.294048697,3.654309559,-1.526077215,-0.011079011,-0.506019239,-1.458279388,-0.935702915,-1.031471913,-0.401167651,-0.787035708,-0.982430501,-0.449100415
41,-1.799950835,-0.146063014,-0.092803535,-0.432130987,-1.007037507,-1.18823822,-1.542302849,-0.733201993,-1.66061533,0.042279519,0.01793445,0.565272665,-0.626338267,-0.152404969,0.076408844,-0.685157306,0.911268595,-1.067282423,-1.282474454,-0.935702915,-1.031471913,-0.401167651,-0.787035708,-0.982430501,-0.449100415
42,-1.701256502,-0.079352187,0.218449199,-1.078458532,-0.872070107,-1.27037028,-1.288535293,-1.361628477,-1.688203077,1.026517656,0.01793445,0.565272665,-0.626338267,-0.292532006,1.303187717,-0.739990546,1.640529372,-0.795773869,-1.282474454,0.617143126,0.774688135,-0.401167651,-0.056277347,0.124846949,-0.449100415
44,-0.260703851,-0.100305759,0.171232955,-1.490171607,-0.226789456,-1.12309348,-0.785510115,-1.031228865,-1.41268802,-1.581076251,0.031399805,0.565272665,-0.626338267,-0.294104282,1.933852102,-0.791080977,3.477712807,-0.361309166,-1.282474454,-0.935702915,-1.031471913,-0.401167651,-0.559835587,-0.611519828,-0.449100415
46,-0.397402672,-0.237240821,-0.88615618,-0.628963117,-1.307298314,-0.884604628,-0.847346043,-0.357780568,-1.225441426,-1.746014464,0.819000642,0.565272665,-0.626338267,-0.29419673,2.887418007,-0.983543974,1.874141172,-0.289397625,-1.282474454,-0.330420719,-0.15104981,-0.401167651,-0.45132963,-0.461959073,-0.449100415
47,-0.809291802,-0.320829424,0.223156584,-1.525919933,-0.655056931,-1.331442207,-0.441038618,0.269233786,-1.167725344,-1.603212522,1.170079162,0.565272665,-0.626338267,-0.294270745,2.946213002,-1.072602989,1.656249201,-0.347433807,-1.282474454,-0.792387133,-0.818244685,-0.401167651,-0.575070758,-0.646292704,-0.449100415
49,-0.512882864,-0.537809183,0.235970457,-1.17902792,-0.263888857,-1.108384125,-0.259785755,-1.002138573,-1.125525213,-1.095340914,1.242057604,0.565272665,-0.626338267,-0.294270745,1.963723799,-1.163593286,0.649898632,-0.112010843,-1.282474454,-0.935702915,-1.031471913,-0.401167651,-0.701235152,-0.840898797,-0.449100415
50,-0.747395983,-0.674950414,0.396300862,-1.315403132,-0.133015825,-0.890011627,-0.4385405,-1.44569738,-1.135958756,-0.667730624,1.242057604,0.565272665,-0.626338267,-0.294196752,2.837652491,-1.190122324,1.611665839,0.093091903,-1.282474454,-0.935702915,-1.031471913,-0.401167651,-0.787035708,-0.982430501,-0.449100415
55,-1.066229525,-1.080530625,-0.276607583,0.065811322,-0.62351092,-0.313398106,-1.3796874,-0.571902712,-1.298709206,-1.434408551,0.941290545,0.565272665,-0.626338267,-0.294178219,1.102451864,-1.32691851,0.492458894,0.460817345,-1.282474454,-0.935702915,-1.031471913,-0.401167651,-0.675421171,-0.803157009,-0.449100415
57,0.086812324,-1.187624901,-0.08058052,-0.398809103,-0.040185035,-0.074234919,-0.882091445,-0.050909647,-1.300829444,0.364010848,0.526435208,0.565272665,-0.626338267,-0.294159688,1.07112618,-1.380646917,2.455296879,0.262650541,-1.282474454,-0.935702915,-1.031471913,-0.401167651,-0.787035708,-0.982430501,-0.449100415
58,0.046102541,-1.265571313,0.056397944,-0.105880976,-0.099073486,0.178143366,-1.452315367,-0.791286002,-1.304785167,0.665165345,0.01793445,0.565272665,-0.626338267,-0.293807944,-0.232363558,-1.406980821,3.09693068,0.107719449,-1.282474454,-0.935702915,-1.031471913,-0.401167651,-0.235752899,-0.086063041,2.132953751
60,0.06940718,-1.390995085,-0.20441591,0.417751714,-0.203466634,0.419183974,-0.281793523,0.07689556,-1.241436895,-1.205766825,0.01793445,0.565272665,-0.626338267,-0.294159639,2.198401571,-1.45879536,1.610211274,-0.267902012,-1.282474454,-0.935702915,-1.031471913,-0.401167651,-0.787035708,-0.982430501,-0.449100415
61,-0.305259714,-1.425342304,-1.968443465,1.00448482,-1.893722814,0.66619727,0.142494056,-0.479239778,-1.190431613,-1.520073173,0.01793445,0.565272665,-0.626338267,-0.294270745,0.791604996,-1.483706816,1.145985782,-0.518941892,-1.282474454,-0.935702915,-1.031471913,-0.401167651,-0.787035708,-0.982430501,-0.449100415
62,0.403755419,-1.455166011,-1.188454172,0.54703016,-1.331066257,0.097146305,0.444567741,-0.480265611,-1.128473823,-0.585613061,0.01793445,0.565272665,-0.626338267,-0.261594099,-0.16160418,-1.506060966,-0.007052841,-0.962568606,-1.282474454,-0.843540111,-0.895006487,0.169214824,-0.787035708,-0.982430501,-0.449100415
63,0.00832621,-1.510779106,-2.122400402,0.638179838,-1.37154205,0.200592733,0.212059428,2.650694245,-1.069420266,-0.70105059,0.01793445,0.565272665,-0.626338267,0.114232235,-0.670508433,-1.50997357,-0.375775855,-1.340908601,-1.282474454,-0.935702915,-1.031471913,-0.401167651,-0.787035708,-0.982430501,-0.449100415
69,0.412490584,-0.034979557,0.051765405,-1.465319269,-0.155136792,-1.274864645,-0.580929272,-1.599459583,-1.343428969,-1.508663225,0.13948988,0.565272665,-0.626338267,-0.294252234,0.410796711,-0.687053225,1.871396786,0.092215536,-1.10666952,-0.935702915,-1.031471913,-0.401167651,-0.687472408,-0.819454599,-0.449100415
71,-0.274751822,-0.18777497,-0.205068226,-1.189997218,-0.809684987,-1.069009729,-0.495897613,-1.158451408,-1.12691323,-0.806613285,0.287976018,0.565272665,-0.626338267,-0.294270745,1.242413016,-0.880744747,0.275630003,0.202815832,-1.10666952,0.776089732,0.67434591,0.227472875,-0.365077013,-0.310154906,-0.449100415
72,-0.316732767,-0.283712957,-0.048037737,-1.129014188,-0.6058753,-1.276844917,-0.252140556,-0.599422063,-1.060623744,-0.937212177,0.683979858,0.565272665,-0.626338267,-0.294215218,1.874838695,-0.953645103,0.451183647,0.151254194,-1.10666952,-0.538593622,-0.734807943,-0.401167651,-0.640203918,-0.748595511,-0.449100415
74,-0.148971958,-0.529017124,-0.28478344,-0.452875049,-0.437126137,-0.618349225,0.025019491,-0.28858087,-1.004172409,-0.825265751,1.102507564,0.565272665,-0.038910794,-0.294085646,0.08110336,-1.028346617,-0.56650246,0.351260845,-1.10666952,-0.784969775,-0.804029536,-0.401167651,-0.787035708,-0.982430501,-0.449100415
76,-0.410114294,-0.769411061,0.587316897,-1.41536591,0.268508139,-0.947771268,-0.743206794,-0.937050789,-1.0289003,-0.989221103,0.940311246,0.565272665,-0.626338267,-0.293160009,1.21324042,-1.081277408,1.073628751,0.767440899,-1.10666952,-0.935702915,-1.031471913,-0.401167651,-0.787035708,-0.982430501,-0.449100415
78,-0.217614713,-0.977060771,0.076286282,-0.739402142,-0.194036976,-0.761104137,-0.863601649,-0.590627374,-1.078401693,-0.346685352,0.594006806,0.565272665,-0.33262453,-0.28784604,-0.319094913,-1.138450697,-0.064957867,1.095539397,-1.10666952,-0.935702915,-1.031471913,-0.401167651,-0.787035708,-0.982430501,-0.449100415
79,-0.560176615,-1.053689655,-0.279060462,-0.017225301,-0.561462947,-0.401761434,-1.155647379,-1.105530899,-1.10426613,-0.560136521,0.225545737,0.565272665,-0.626338267,-0.290771068,0.556205855,-1.165366202,0.021617062,1.020466997,-1.10666952,-0.785977969,-0.804029536,-0.401167651,-0.676313636,-0.803157009,-0.449100415
80,-0.975194759,-1.112452617,-0.128591469,-0.299474497,-0.539382585,-0.218561591,-1.702895289,-0.443805635,-1.10836238,-1.137545556,0.544429819,0.565272665,-0.33262453,-0.292863333,-0.434728331,-1.19168159,0.165380835,0.808647964,-1.10666952,-0.935702915,-1.031471913,-0.401167651,-0.680557883,-0.808940025,-0.449100415
81,-0.353466094,-1.146520472,0.576883491,-0.861724694,0.095272397,-0.675141183,-1.083203269,-0.962330693,-1.115788144,-1.092757254,0.634525283,0.565272665,-0.626338267,-0.292548323,-0.002528376,-1.218224495,0.223773001,0.494008806,-1.10666952,-0.935702915,-1.031471913,-0.401167651,-0.787035708,-0.982430501,-0.449100415
82,0.078957193,-1.202268979,-0.079694538,-0.824717148,-0.097198259,-0.23844544,-1.288943424,0.256504235,-1.10596232,-0.837896977,0.053923671,0.565272665,-0.626338267,-0.293696527,0.366703004,-1.245602669,1.840608749,0.183496561,-1.10666952,-0.935702915,-1.031471913,-0.401167651,-0.787035708,-0.982430501,-0.449100415
83,-0.228631452,-1.280716784,-0.442238665,-0.200962122,-0.264178016,0.148232123,-1.409724401,-0.401219638,-1.099127018,-0.237631554,0.01793445,0.565272665,-0.626338267,-0.292677551,0.018408939,-1.271709337,1.479302579,-0.088098842,-1.10666952,-0.789790004,-0.818244685,-0.401167651,-0.571229588,-0.646292704,0.056287274
84,-0.695245742,-1.358929141,-0.736534224,0.005480902,-0.690097459,0.442077345,-1.265476175,0.737807454,-1.068961703,-0.839938117,0.01793445,0.565272665,-0.626338267,-0.292028803,0.596023267,-1.315235192,1.722145632,-0.438688902,-1.10666952,-0.795145111,-0.824706116,-0.401167651,-0.683092766,-0.819454599,-0.449100415
85,0.391206767,-1.390999965,-0.072811143,-0.389386517,-0.167240247,-0.085838418,0.061187754,-0.587862133,-1.040389032,-1.172140323,0.01793445,0.565272665,-0.626338267,-0.293510959,0.415953024,-1.394981547,0.347266026,-0.698602573,-1.10666952,-0.935702915,-1.031471913,-0.401167651,-0.680175713,-0.814361602,0.051401851
86,0.217318304,-1.467875275,-1.823598264,0.292762664,-0.931454127,0.816574855,0.008340764,1.111233013,-0.999510351,-0.48524688,0.01793445,0.565272665,-0.33262453,0.381972576,-0.674429764,-1.479276358,-0.367674016,-0.655688081,-1.10666952,-0.630100218,-0.57658716,4.327161358,-0.335047386,-0.265336534,0.080146236
87,0.353984532,-1.463372502,-2.447669412,0.170944663,-1.660567801,0.000835811,0.07637759,1.812983985,-0.933175256,-0.185620196,0.01793445,0.565272665,-0.626338267,0.108390216,-0.460149805,-1.522109809,-0.689072249,-0.705121327,-1.10666952,-0.935702915,-1.031471913,-0.401167651,-0.586748235,-0.623883517,-0.449100415
95,-0.629243092,-0.097216889,-0.017045421,-1.159913943,-0.707966559,-1.189215319,-1.23352185,-0.919069749,-1.103496927,-0.414150012,0.157729315,0.565272665,-0.626338267,-0.293826202,0.644166105,-0.687504586,0.73822137,0.730435432,-0.930864586,-0.935702915,-1.031471913,-0.401167651,-0.675302807,-0.803157009,-0.449100415
99,-0.481397156,-0.52417521,0.001195697,-1.117856582,-0.274884895,-1.046582091,-0.688382522,-0.843139903,-0.881638682,-0.910441375,0.128105534,0.565272665,-0.33262453,-0.294159596,0.445010816,-0.893129304,-0.556993567,0.813525638,-0.930864586,-0.78550455,-0.811366387,-0.401167651,-0.45381921,-0.461959073,-0.449100415
101,-0.920371817,-0.785930177,0.518484165,-1.28407645,0.389867227,-0.871108498,-1.0323273,-0.714522399,-0.877920869,-0.635751144,0.367054374,0.376306171,-0.626338267,-0.288397895,-0.370129273,-0.945907159,0.528781131,1.207876458,-0.930864586,-0.935702915,-1.031471913,-0.401167651,-0.787035708,-0.982430501,-0.449100415
102,-0.311256992,-0.906111896,0.137050863,-0.508207403,0.125399068,-0.539861909,-0.596297274,-0.703361642,-0.883540733,-0.077967705,0.836995252,0.565272665,-0.038910794,-0.290287412,-0.530490462,-0.972797689,-0.321621822,1.374671207,-0.930864586,-0.935702915,-1.031471913,-0.401167651,-0.787035708,-0.982430501,-0.449100415
105,-0.0867502,-1.13851649,0.199036102,-0.258128681,0.298738169,-0.162944468,-0.857589354,-0.537711157,-0.921698852,-0.448902912,0.832465997,0.519402171,-0.626338267,-0.289433847,-0.410097654,-1.056444232,1.95143864,0.562163892,-0.930864586,-0.796283257,-0.818244685,-0.401167651,-0.683934429,-0.814361602,-0.449100415
106,-0.186291974,-1.19550445,0.155734972,-0.625766194,-0.092466204,-0.540669518,-0.984472752,-0.235482235,-0.932846126,-1.077053371,0.161891333,0.565272665,-0.626338267,-0.292899213,-0.511628503,-1.083133039,2.063895522,0.180717919,-0.930864586,-0.935702915,-1.031471913,-0.401167651,-0.120859087,0.138028823,0.174936495
107,-0.103601247,-1.249304724,-0.888023678,-0.034175892,-0.659244506,-0.37377107,-0.848303092,-0.309550345,-0.918779827,-1.454970785,0.01793445,0.565272665,-0.626338267,-0.2931771,-0.007026152,-1.113384895,1.101296729,-0.204317502,-0.930864586,-0.935702915,-1.031471913,-0.401167651,-0.787035708,-0.982430501,-0.449100415
108,0.182638393,-1.327370689,-0.893028013,0.234473444,-0.285977832,0.279279959,-0.91197248,-0.188986056,-0.907839645,-1.472195184,0.01793445,0.565272665,0.254802942,-0.286651213,-0.200919085,-1.191013906,-0.542498774,-0.500522566,-0.930864586,-0.786014035,-0.804029536,0.756836314,0.762699887,0.810304418,2.143230728
110,0.303138046,-1.466041716,-2.210422301,1.195062539,-0.556996056,0.323015446,-0.30733596,1.026894775,-0.86051273,-0.636356917,0.01793445,0.565272665,-0.33262453,0.129974955,-0.834591488,-1.454261574,-0.778040133,-1.12254128,-0.930864586,-0.935702915,-1.031471913,-0.401167651,-0.571357549,-0.635449549,-0.449100415
119,-0.47015226,-0.114269115,0.39952715,-1.702170434,-0.496762709,-1.148019999,-0.294730005,0.217617029,-0.949047456,0.39353804,0.01793445,0.565272665,-0.626338267,-0.294270745,2.221620244,-0.576734633,0.715238424,1.195273476,-0.755059652,-0.935702915,-1.031471913,-0.401167651,-0.659343769,-0.775576472,-0.449100415
123,-0.516305224,-0.56435005,0.039915402,-0.689803838,-0.211088433,-0.78020283,-0.56977388,-1.025773496,-0.743471898,-0.571877333,0.01793445,0.565272665,-0.038910794,-0.291842298,0.282472429,-0.757931939,-0.765158519,1.282532848,-0.755059652,-0.803157451,-0.830787463,-0.401167651,-0.689017917,-0.824248008,-0.449100415
124,-0.434592314,-0.702089048,0.277665137,-1.449521524,-0.039170826,-1.09078983,-0.422332329,-0.492884638,-0.729045651,-0.899350127,0.01793445,0.565272665,-0.626338267,-0.292750614,-0.043961989,-0.784609928,0.511769024,1.460590447,-0.755059652,-0.935702915,-1.031471913,-0.401167651,-0.787035708,-0.982430501,-0.449100415
125,0.074948144,-0.807111877,0.006373456,-0.551130118,0.292677828,-0.166662368,-0.164728227,-0.934415387,-0.714386425,0.028300509,-0.085626368,0.354368108,-0.626338267,-0.283592358,-0.543290893,-0.810501846,1.898500456,1.538224793,-0.755059652,-0.645982825,-0.605017457,-0.401167651,-0.572786783,-0.646292704,-0.449100415
126,0.190982432,-0.937059161,-0.052650804,-0.116700778,0.170806867,0.150928017,-0.109156569,-0.028418592,-0.719227224,0.882594183,0.013405195,0.400238603,-0.626338267,-0.292713345,-0.401979372,-0.838852152,1.138823903,1.308735995,-0.755059652,-0.935702915,-1.031471913,-0.401167651,-0.787035708,-0.982430501,-0.449100415
127,-0.521943969,-1.048600094,-0.135208339,-0.16546679,-0.219749359,0.004253846,-0.262729004,0.392302566,-0.741138403,0.351854023,-0.603185637,-0.717854704,-0.626338267,-0.288467081,-0.397038723,-0.868527115,0.091290515,0.949331213,-0.755059652,-0.729324281,-0.734807943,-0.401167651,-0.634418054,-0.748595511,-0.449100415
128,0.255192417,-1.128444722,-0.238618083,1.121484437,0.334665245,0.684346388,0.058030668,0.032169908,-0.740123894,0.738517441,-0.621180248,-0.772949156,0.254802942,-0.263877826,-0.461101651,-0.894888599,-0.072774002,0.596016624,-0.755059652,-0.935702915,-1.031471913,-0.401167651,-0.450461103,-0.444610025,-0.449100415
132,-0.143333213,-1.327682992,-1.155299843,0.260435506,-0.621655073,0.250215438,-0.522775061,0.852017162,-0.709094459,-2.022848013,-0.008261785,0.511923286,-0.038910794,-0.231693009,-0.488882277,-1.176001642,-0.684192724,-0.899134406,-0.755059652,-0.229604541,-0.204408726,1.541414847,-0.264873722,-0.167550992,0.040031657
133,0.607271738,-1.400073828,-2.60830772,1.279658812,-0.985393037,0.607476465,-0.270701505,0.529959414,-0.690131889,-1.329772763,-0.067631758,0.391014645,1.723371623,0.070260264,-0.786477557,-1.311876704,-0.866034494,-1.175505447,-0.755059652,-0.004901313,0.144954172,0.414917164,1.163234703,1.243033536,1.162873704
137,-0.447206153,0.58254697,-0.217270553,0.019628436,-0.732659195,-0.022275578,-0.976864173,-0.928712145,-0.936068395,1.089707844,0.01793445,0.565272665,-0.038910794,-0.294270745,2.133206576,-0.0013315,-0.179596981,-0.57166833,-0.579254718,-0.625547416,-0.544095392,-0.401167651,-0.787035708,-0.982430501,-0.449100415
148,-0.578624763,-0.614036709,-0.434350631,-0.479837587,-0.721614246,-0.765076271,-0.252676572,-1.067849797,-0.590972552,-0.566753804,0.01793445,0.565272665,-0.626338267,-0.293881195,0.748635368,-0.622736929,0.202923587,1.727824034,-0.579254718,-0.935702915,-1.031471913,-0.401167651,-0.787035708,-0.982430501,-0.449100415
149,0.197077491,-0.736765649,-0.122875793,-0.19500239,-0.247510156,-0.265232719,0.429246415,-0.289043353,-0.566012914,-0.283750611,0.01793445,0.565272665,-0.626338267,-0.293250384,0.967584423,-0.649387227,0.938822727,1.617649816,-0.579254718,-0.935702915,-1.031471913,-0.401167651,-0.787035708,-0.982430501,-0.449100415
150,-0.41927318,-0.88174129,0.115877365,-0.843963372,0.030576158,-0.461457165,0.285237642,0.474537633,-0.559289787,-0.112092936,-0.184535519,0.152936806,-0.626338267,-0.294177983,0.875893445,-0.67510635,2.089252896,1.305308826,-0.579254718,-0.935702915,-1.031471913,-0.401167651,-0.787035708,-0.982430501,-0.449100415
151,-0.214518293,-1.006861299,0.009485953,-0.168576027,0.086283553,-0.130327191,-0.052300181,-0.298415342,-0.558415805,0.342285723,-0.17559942,0.171135426,-0.626338267,-0.285643301,-0.264207587,-0.704972122,0.338972208,0.954329503,-0.579254718,-0.935702915,-1.031471913,-0.401167651,-0.787035708,-0.982430501,-0.449100415
152,0.035868056,-1.088949384,-0.983330585,0.594079838,-0.249436139,0.13727616,0.221358782,0.573093738,-0.563863091,0.758099247,-0.987315483,-1.481947454,2.310799096,-0.251816661,-0.736359842,-0.733298708,-1.071007964,0.605521876,-0.579254718,-0.785366222,-0.796186696,-0.401167651,-0.119988936,-0.055153819,-0.449100415
156,-0.862126516,-1.264661243,-1.576893178,0.593470353,-1.161646491,0.430109516,-0.574933294,1.921915377,-0.526772487,-1.299058352,-0.567074004,-0.626113714,0.842230415,-0.289834147,-0.123068606,-1.024116253,-0.927797329,-0.842746594,-0.579254718,-0.421323189,-0.251669479,3.219975969,0.639409688,0.861525416,0.88711368
157,0.140820418,-1.346799345,-2.799800822,1.093606234,-0.637387166,1.50500859,-0.170665765,0.474184601,-0.518543005,-1.876540372,-0.432053221,-0.351140043,1.723371623,0.516571649,-0.86075257,-1.159135171,-0.868820156,-1.204987819,-0.579254718,-0.632815333,-0.605017457,-0.119988427,-0.339063054,-0.310154906,0.599988763
160,-0.969164887,0.658521969,-0.538918966,-0.322573128,-0.938616655,-0.615773566,-1.146191679,-1.426422245,-0.742843223,0.314154972,0.01793445,0.565272665,-0.038910794,-0.294270745,0.177269879,0.268490788,-0.593370288,-0.969903296,-0.403449784,-0.469000537,-0.560901479,-0.401167651,-0.55695045,-0.611519828,-0.449100415
163,-0.393784749,0.541249791,-0.028723218,-0.108995964,-0.539518859,0.221136432,-1.236225837,-0.913563947,-0.730348611,0.541774912,0.01793445,0.565272665,-0.33262453,-0.294270745,3.718463336,0.054180962,-0.319658287,0.125332536,-0.403449784,-0.436426261,-0.273330658,-0.401167651,-0.41781904,-0.384852195,-0.449100415
164,-0.583546442,0.387356438,-0.102111209,-0.384844127,-0.834883343,-0.650453688,-1.144995747,-0.913457715,-0.736017782,-0.588194288,0.01793445,0.565272665,-0.038910794,-0.294252179,3.838942418,0.001032263,-0.474763411,0.437756198,-0.403449784,0.522128935,0.519271563,0.049948046,-0.325005162,-0.249038943,-0.449100415
171,0.23257225,-0.504844148,-1.649911808,0.965604257,-1.185148653,0.640129233,0.596543133,0.619478321,-0.514598377,0.881117458,0.01793445,0.565272665,-0.33262453,-0.114027834,-0.510195539,-0.433012425,-0.704347167,2.143505567,-0.403449784,-0.027758562,-0.121702407,-0.213863037,-0.115607981,0.09321045,-0.449100415
172,-0.46229713,-0.596417214,-1.154671258,0.111440785,-0.851225746,0.227597306,0.192008071,0.880783393,-0.469390466,0.163356336,0.01793445,0.565272665,-0.33262453,0.438277773,-0.654963039,-0.461066625,-0.595963426,2.009721074,-0.403449784,0.646782125,0.887573138,-0.401167651,0.383216994,0.698258485,1.045754773
173,0.485403141,-0.702353773,-1.272605379,0.199857841,-0.642967011,0.822790188,0.668418971,1.127755784,-0.430440956,0.079550393,0.01793445,0.565272665,2.604512832,0.105753304,-0.62101886,-0.487571433,-0.955250054,1.666047675,-0.403449784,-0.013455842,0.380239389,2.11971372,1.031643311,1.243033536,0.615672431
174,0.716233149,-0.801969858,-0.998776237,0.051610602,-0.34891943,-0.047991598,0.645793409,0.138884385,-0.406503223,0.06923035,0.01793445,0.565272665,-0.626338267,-0.281480012,-0.438712864,-0.514104997,-0.139560105,1.283170509,-0.403449784,-0.935702915,-1.031471913,-0.401167651,-0.591794783,-0.666065515,-0.449100415
176,1.024082546,-1.000710396,-0.773526995,0.797678118,0.233785686,0.738303385,0.783468088,0.860340784,-0.379292681,0.049874798,-0.282832608,-0.047248016,4.073081513,-0.261537445,-0.778318579,-0.570881777,-0.712744214,0.599865693,-0.403449784,-0.295335461,-0.056718871,0.837314563,0.396848699,0.938356912,0.105397858
177,0.335797135,-1.017450319,-0.751873996,-0.376549952,-0.188346082,-0.079552827,0.596663618,0.312935752,-0.365258432,0.582549053,-0.663657321,-0.82280839,0.842230415,-0.260977698,-0.748631296,-0.598066135,-0.890854079,0.248819113,-0.403449784,-0.298090621,-0.446620088,0.059510788,-0.032609609,-0.060452543,-0.449100415
178,-0.865874814,-1.067224814,-0.931547521,-0.073440258,-0.535158711,0.46746163,-0.274915254,0.792225936,-0.367018722,1.43073877,-1.206188703,-1.927689,0.548516678,-0.263927373,-0.864753144,-0.630285333,-0.744588438,-0.095049465,-0.403449784,-0.62715628,-0.57658716,-0.401167651,-0.330693279,-0.265336534,-0.449100415
179,-1.547250319,-1.135402001,-1.104305399,0.265039707,-0.923064826,0.796331022,-0.553719778,1.450356493,-0.34988794,0.538512494,-1.192723348,-1.900266421,0.254802942,-0.284186296,-0.642178221,-0.726203082,-0.890884724,-0.45511396,-0.403449784,-0.442852448,-0.273330658,4.123268135,-0.544059387,-0.584044963,0.119916085
180,-0.756489682,-1.200149955,-1.540992063,0.760168897,-0.88836729,0.824008483,-0.260319494,1.655904995,-0.354111158,-0.453753965,-1.174728738,-1.863619885,0.254802942,-0.200008026,-0.493040379,-0.857491006,-0.76917426,-0.8073868,-0.403449784,-0.633659311,-0.57658716,0.907345776,-0.116949102,0.09321045,0.597065537
184,-1.618761338,0.709794542,0.298552638,-0.992646163,-0.502848275,-1.092478205,-1.481293618,-1.284887408,-0.548811867,0.517074443,0.01793445,0.565272665,-0.33262453,-0.293304144,0.250471026,0.461622793,-0.340388105,-0.777738926,-0.22764485,-0.359664699,-0.204408726,-0.356604918,-0.041567054,0.158400811,-0.449100415
189,-0.76307365,0.506281626,0.217681267,-1.005987279,-0.511343088,-0.872452823,-0.931334321,-0.676995816,-0.4942934,-1.016889618,0.01793445,0.565272665,-0.626338267,-0.294270745,1.857844838,0.130882416,0.023511899,0.82393531,-0.22764485,-0.935702915,-1.031471913,-0.401167651,-0.787035708,-0.982430501,-0.449100415
190,-0.76959243,0.43954274,0.502904034,-1.20838815,-0.393678774,-1.240507567,-0.509409197,-0.708014372,-0.469082292,-1.215631929,0.01793445,0.565272665,-0.626338267,-0.294270745,0.931524229,0.082607196,0.564154107,1.13461683,-0.22764485,-0.935702915,-1.031471913,-0.401167651,-0.787035708,-0.982430501,-0.449100415
195,-1.285130165,-0.274775726,0.466506379,-1.299102275,-0.271517732,-1.18065466,-0.094608814,-1.345086391,-0.330415033,0.192854335,0.01793445,0.565272665,-0.626338267,-0.294270745,0.310406305,-0.2628457,0.659096164,2.619307615,-0.22764485,-0.78506169,-0.804029536,-0.401167651,-0.675636045,-0.803157009,-0.449100415
196,-0.680774049,-0.442276214,0.067358315,-0.309065266,-0.359614927,-0.489886463,0.447750252,0.761448815,-0.311642299,-0.034490696,0.01793445,0.565272665,-0.626338267,-0.293992121,0.37700177,-0.298797443,0.30734856,2.300265511,-0.22764485,-0.935702915,-1.031471913,-0.401167651,-0.787035708,-0.982430501,-0.449100415
197,0.852866783,-0.561865046,-0.945815109,0.311569023,-0.641869437,0.093713059,0.653413752,0.401477114,-0.276091333,-0.11993393,0.01793445,0.565272665,0.254802942,-0.217027756,-0.313644216,-0.325811326,-0.342526643,1.84473783,-0.22764485,-0.775874494,-0.787783652,-0.401167651,-0.550648461,-0.598273018,-0.449100415
198,1.68723806,-0.691528086,-1.112407019,0.753510558,-0.555221113,0.284240057,0.900685555,0.828806092,-0.250692855,0.320035109,0.013650019,0.556547299,0.254802942,-0.293954941,0.214858009,-0.352423058,-0.694602894,1.39658768,-0.22764485,-0.182176984,-0.15104981,-0.354533004,-0.341247855,-0.288468597,0.072885917
199,0.055587366,-0.802726217,-0.686705065,0.398748422,-0.431912355,-0.38767354,0.36870755,-0.385865415,-0.235110338,0.688814834,0.013405195,0.556048707,-0.038910794,-0.284851929,-0.337392425,-0.378766702,-0.775371318,0.969681507,-0.22764485,-0.935702915,-1.031471913,-0.401167651,-0.787035708,-0.982430501,-0.449100415
201,0.528264121,-0.944991167,-1.305702509,0.573426336,-0.335462772,-0.043222719,0.743901009,-0.971498802,-0.187258294,-0.154976336,-0.165684023,0.191328416,4.073081513,-0.273424103,-0.672409396,-0.4362103,-0.933963155,0.229281549,-0.22764485,0.138363943,0.380239389,0.216076711,-0.106227843,0.130301518,0.613803989
202,0.812417752,-0.982334542,-1.405149067,-0.356925675,-0.611486522,-0.395175978,0.676551233,-0.434548463,-0.166693219,0.119473045,-0.936759197,-1.378988137,-0.33262453,-0.285240385,-0.658659379,-0.466020816,-0.16569712,-0.105100824,-0.22764485,3.275126809,2.380163733,-0.401167651,1.081317448,1.706671877,-0.449100415
203,-0.863853992,-1.065298539,-1.511432774,-0.513549024,-1.039590037,-0.017203936,-0.161415744,-0.107288585,-0.167843325,0.739125648,-1.183664837,-1.881818505,0.842230415,-0.280593525,-0.499323788,-0.552573729,-0.925614933,-0.454725619,-0.22764485,-0.048854682,0.289161241,-0.126738773,-0.24051314,-0.114978121,-0.449100415
209,-0.638076039,0.99070734,0.227117944,-1.297115698,-0.114656385,-0.993962177,-0.87142824,-1.307043672,-0.287959734,0.545217359,0.01793445,0.565272665,-0.626338267,-0.294233542,1.131610057,0.572106712,0.761630683,-0.414995027,-0.051839916,-0.349290336,-0.178563001,-0.401167651,0.080272213,0.362120688,-0.449100415
210,-0.284334429,1.008676956,0.331577965,-1.200042226,0.247806511,-0.61688249,-0.743001875,-1.090230328,-0.275796718,0.230563117,0.01793445,0.565272665,-0.626338267,-0.294270745,1.211532473,0.495148523,0.87646811,-0.098348953,-0.051839916,-0.250633964,-0.50660489,-0.401167651,-0.660383041,-0.775576472,-0.449100415
212,-0.809748116,0.775877103,-0.171878604,-0.516053089,-0.579563682,-0.202444171,-0.47304645,-0.564772317,-0.273461991,-0.182442927,0.01793445,0.565272665,-0.626338267,-0.293564132,0.742354222,0.362099296,0.277318595,0.424551492,-0.051839916,-0.552145215,-0.734807943,-0.401167651,-0.503393573,-0.514760522,-0.449100415
213,-1.015937135,0.651325583,-0.005436994,-0.299539183,-0.440945188,-0.404083583,-0.566188361,-1.182525207,-0.268078806,-0.811089682,0.01793445,0.565272665,-0.33262453,-0.292987768,-0.221309311,0.307522959,-0.333668333,0.776265483,-0.051839916,-0.505269213,-0.391790229,-0.401167651,-0.574830982,-0.646292704,-0.449100415
214,-1.149898069,0.550319994,0.317296381,-1.035113202,-0.449418161,-1.100925871,-0.732901059,-1.37711683,-0.248927633,-0.911864577,0.01793445,0.565272665,-0.626338267,-0.293712969,0.572301739,0.261221764,-0.366255738,1.162874586,-0.051839916,0.101532558,0.289161241,0.103206141,-0.348727754,-0.288468597,-0.449100415
215,-1.341028706,0.384807997,-0.102942426,-0.126804722,-0.613012912,-0.71554338,-0.288319065,-0.925442572,-0.243719491,0.007492559,0.01793445,0.565272665,0.842230415,-0.261456741,-0.488037296,0.194132528,-0.920547251,1.524741559,-0.051839916,0.055833679,-0.028049664,-0.401167651,-0.472788084,-0.507883022,-0.449100415
216,-0.358941869,0.374999734,0.203938817,-1.190759075,-0.3211654,-0.835428099,-0.428445566,-0.591945075,-0.203792452,-1.329967389,0.01793445,0.565272665,-0.626338267,-0.293898944,0.051189809,0.111284575,-0.012907811,1.83138158,-0.051839916,-0.935702915,-1.031471913,-0.401167651,-0.787035708,-0.982430501,-0.449100415
217,0.038312599,0.402178626,-0.011477612,-1.218996644,-0.250889009,-1.013675813,-0.217608991,-0.145928991,-0.15435516,-1.079517822,0.01793445,0.565272665,-0.626338267,-0.294270745,0.344095444,0.036092593,0.51910104,2.116426724,-0.051839916,-0.935702915,-1.031471913,-0.401167651,-0.787035708,-0.982430501,-0.449100415
218,-0.429083944,0.138926801,-0.295777278,0.146213072,-0.393209352,-0.189429709,-0.370297237,-0.188079332,-0.155163809,-1.400095992,0.01793445,0.565272665,-0.33262453,-0.219615731,-0.532446671,-0.030186097,-0.469153765,2.382579716,-0.051839916,0.743337791,1.015509475,0.921367048,-0.561280084,-0.623883517,-0.449100415
219,-0.645703012,-0.04093649,0.160865267,-0.113352921,-0.209775836,-0.932609942,-0.234285061,-1.115463017,-0.136802795,-0.983173101,0.01793445,0.565272665,-0.626338267,-0.285068063,-0.312719255,-0.08642323,0.276145795,2.558136542,-0.051839916,-0.783335435,-0.796186696,-0.401167651,-0.674359473,-0.796975164,-0.449100415
220,-0.662879998,-0.217880481,0.411302307,-0.984037183,-0.264120184,-0.991943516,-0.04091786,-1.452795583,-0.121423674,-0.099566322,0.01793445,0.565272665,-0.33262453,-0.290664004,-0.282473087,-0.131294781,-0.437595325,2.504906693,-0.051839916,-0.484829416,-0.57658716,-0.261648054,-0.453613326,-0.444610025,-0.449100415
222,-0.497368167,-0.52635279,0.562440045,-0.241636641,-0.241450123,-0.832672812,0.004063073,-0.624314596,-0.089864179,0.249363986,0.01793445,0.565272665,-0.626338267,-0.292802228,-0.205140104,-0.19058641,0.324239279,1.670669466,-0.051839916,-0.475692249,-0.690308348,-0.401167651,-0.446856362,-0.444610025,-0.449100415
224,0.695666398,-0.704225151,0.047173635,-0.600695361,0.195548414,-0.728315197,0.626818068,-0.348228308,-0.02366468,0.837776687,0.004469096,0.537850087,-0.626338267,-0.292132754,-0.198812025,-0.243399401,-0.171259635,0.730176424,-0.051839916,-0.935702915,-1.031471913,-0.401167651,-0.787035708,-0.982430501,-0.449100415
225,0.952375964,-0.847458728,-0.935287993,0.846294633,0.127892295,-0.206826991,0.945208645,-0.224203443,-0.00540598,0.566429157,-0.773828405,-1.04717494,1.135944151,-0.089303843,-0.819970895,-0.271215588,-1.003609764,0.282256559,-0.051839916,0.288992265,0.560624722,-0.164309393,1.137504472,1.706671877,2.573275897
228,1.43434198,-1.024795537,-1.351973138,-0.758162503,-0.367094916,0.61439583,0.926391547,0.850223028,0.043725603,-0.037531727,-1.183664837,-1.881818505,0.842230415,0.197823412,-0.806210411,-0.494546255,-0.86401,-0.807090832,-0.051839916,-0.607236155,-0.52604441,0.462786818,0.184573128,0.411918881,0.119742513
235,0.104738969,1.176717875,0.189477116,-0.482124594,0.182747901,-0.268747812,-0.455827723,-0.835723005,-0.044068272,0.684880956,0.01793445,0.565272665,-0.626338267,-0.294270745,0.366460065,0.612788166,-0.096088509,0.286639802,0.123965018,-0.344817612,-0.121702407,-0.401167651,-0.67779532,-0.803157009,-0.449100415
236,-0.123450933,1.032277784,-0.042006247,-0.400130133,-0.114646849,0.004308169,-0.228941979,-0.594956043,-0.051157509,-0.096462038,0.01793445,0.565272665,-0.038910794,-0.294103254,0.368208172,0.54652725,-0.738467569,0.573666768,0.123965018,0.833897441,0.333182346,0.146422592,0.521589363,0.810304418,-0.449100415
240,-0.720375639,0.485480545,0.14398233,-0.571820994,-0.33843711,-0.670310738,-0.369320455,-0.902721885,0.009631684,-0.746403307,0.01793445,0.565272665,-0.038910794,-0.256485811,-0.532157457,0.30351028,-0.760878164,1.838343802,0.123965018,-0.528046707,-0.391790229,-0.401167651,-0.385084962,-0.310154906,-0.449100415
243,-0.307573881,0.325897423,-0.091035223,-0.654321443,-0.284547111,-0.856691041,-0.241399178,-0.643921303,0.092928683,-1.419453978,0.01793445,0.565272665,-0.626338267,-0.263857233,-0.370824992,0.094227561,1.280247199,2.075354361,0.123965018,-0.782855666,-0.796186696,-0.401167651,-0.674004683,-0.796975164,-0.449100415
247,0.355712008,-0.372366722,0.453498394,-0.793879204,0.154768696,-0.956138536,0.302607782,-1.263662547,0.145333075,0.749749793,0.01793445,0.565272665,-0.626338267,-0.294270745,0.175942307,-0.055386111,0.971910207,1.430910956,0.123965018,-0.935702915,-1.031471913,-0.401167651,-0.787035708,-0.982430501,-0.449100415
249,1.400770262,-0.731199094,-0.762807593,0.385482054,0.625284139,1.209896544,0.91196181,-0.40384431,0.169258481,0.941208227,0.01793445,0.565272665,0.842230415,1.673017114,-0.845086249,-0.107994932,-0.924374642,0.581509545,0.123965018,-0.68143283,-0.847059175,-0.401167651,-0.599002174,-0.69171673,-0.449100415
250,0.118852128,-0.777080781,-0.657159772,-0.886709279,-0.289339459,-0.060946666,0.269683885,-0.734169881,0.202558544,1.05814681,-0.187718239,0.146455106,0.842230415,0.050362017,-0.660694054,-0.137234842,-0.962216268,0.102642169,0.123965018,-0.180500336,0.069055715,-0.401167651,-0.116866067,0.058512355,-0.449100415
251,-0.176285647,-0.847996718,-0.706293411,-0.861703132,-0.568342776,-0.364630236,0.520652774,-0.082295185,0.229002348,0.75094431,-1.206188703,-1.927689,-0.038910794,-0.275814006,-0.687651781,-0.19280563,-0.497943601,-0.376651163,0.123965018,-0.116491957,0.172634786,0.443829029,0.424582491,0.599394428,0.496712933
252,1.834432118,-0.931108327,-1.249586289,-0.298425147,-0.175960543,-0.099559085,1.231128045,0.574582054,0.251266079,-0.018271054,-1.206188703,-1.927689,0.842230415,-0.243454851,-0.775029756,-0.306863579,-0.837322475,-0.81861171,0.123965018,1.425872565,1.748379354,0.955981714,3.079976372,3.001424874,3.056448123
254,-0.465230581,0.548307104,-0.509931062,0.895750629,-0.167408205,-0.715737496,-1.159835323,-0.714036309,0.008106839,2.578472455,0.01793445,0.565272665,-0.626338267,0.776192839,-0.745841659,1.042581091,-0.001127829,-1.146757692,0.299769952,-0.22446012,-0.178563001,-0.401167651,-0.471455927,-0.478223805,-0.449100415
255,-1.132395144,0.996797246,0.448327937,-1.329927282,-0.261047717,-1.076210852,-0.735222909,-1.333887005,0.090713528,3.11526305,0.01793445,0.565272665,-0.626338267,-0.289817648,0.013591248,0.957283209,2.132142456,-0.672765941,0.299769952,-0.789503632,-0.818244685,-0.401167651,-0.570806042,-0.646292704,-0.449100415
256,-1.278089883,0.961330129,0.182409344,-1.265872389,-0.33505272,-1.096041826,-0.903509121,-1.411397448,0.078847591,1.266063303,0.01793445,0.565272665,-0.626338267,-0.280466429,-0.278944892,0.87686268,1.327913285,-0.191859499,0.299769952,0.433984393,0.380239389,-0.401167651,-0.336863216,-0.240609155,-0.449100415
257,-0.033882892,1.248304775,0.238876063,-0.835651947,0.207637719,-0.264322982,-0.761026428,-1.117036104,0.140979192,1.136079914,0.01793445,0.565272665,-0.038910794,-0.292929603,0.522335636,0.801825017,-0.304191634,0.247155519,0.299769952,-0.208625199,-0.204408726,0.273799432,-0.249359433,-0.167550992,-0.449100415
258,0.242839329,1.291766115,0.067240873,-0.100826848,0.316709397,0.05384613,-0.575945178,-0.620080355,0.162530424,1.092573711,0.01793445,0.565272665,0.842230415,-0.294065873,0.205723662,0.732706728,-0.833229836,0.600509486,0.299769952,0.943043801,1.053416538,-0.246137035,-0.231300049,-0.086063041,-0.449100415
259,0.425495551,1.201818,0.254554163,-0.02473462,0.348986304,0.324047592,-0.153789709,0.074949054,0.173405272,-0.469324042,0.01793445,0.565272665,-0.626338267,-0.293954159,0.609642499,0.670066749,-0.403212691,0.96440029,0.299769952,1.178583058,0.723083562,-0.401167651,0.092444955,0.246873444,0.008593016
263,-0.057480877,0.686614591,0.263595312,-0.52368028,-0.174635949,-0.481900909,0.125588969,0.469444954,0.272581867,-0.715129346,0.01793445,0.565272665,-0.33262453,-0.294270745,-0.087622511,0.416408009,-0.592960326,1.591401578,0.299769952,-0.180022861,0.105739969,-0.401167651,-0.451739032,-0.444610025,-0.449100415
265,-0.373706906,0.583378964,0.237735118,-1.20648782,-0.0010566,-0.823539945,0.091222099,-0.536257179,0.336229684,-0.855600642,0.01793445,0.565272665,-0.626338267,-0.294270745,0.235007158,0.277820658,0.416527714,1.578100691,0.299769952,-0.789496404,-0.811366387,-0.401167651,-0.787035708,-0.982430501,-0.449100415
266,-0.259856409,0.355935838,0.505546766,-0.840501955,-0.07387113,-0.942000664,0.196408144,-0.495066141,0.319727576,0.35775119,0.009243176,0.547572637,-0.626338267,-0.27133685,-0.645169307,0.2206318,1.878433868,1.575591877,0.299769952,0.501284367,0.247891454,-0.401167651,-0.574504378,-0.646292704,-0.449100415
267,-0.259954191,-0.129092523,-0.333657857,0.191291985,-0.282189543,-0.194716472,-0.421673741,-0.442523345,0.267766954,-1.050457732,-0.075221321,0.375558283,-0.626338267,0.519955977,-0.801727698,0.172698442,0.812692071,1.595368088,0.299769952,0.041419491,-0.056718871,-0.061269202,-0.425743151,-0.406194277,-0.449100415
268,0.322857356,-0.191955681,0.273234012,0.323596296,0.357204262,-0.532654267,0.041204703,-0.850437692,0.293222137,-0.403134182,-0.151484194,0.220246771,-0.038910794,0.344522218,-0.778404005,0.134841558,-0.70800161,1.616777458,0.299769952,0.082038438,0.034664227,-0.401167651,-0.356965447,-0.310154906,0.05448173
269,0.371063736,-0.326404519,0.114286127,0.571155141,0.267650198,-0.63692931,-0.141799082,-1.300865071,0.312936651,0.314123345,-0.075221321,0.375558283,-0.33262453,0.049324928,-0.717792034,0.106217162,-0.428448075,1.500720959,0.299769952,0.183782213,0.034664227,-0.401167651,-0.166138608,-0.142086008,-0.449100415
270,0.647166673,-0.494843136,-0.586640267,0.469273347,0.093775538,-0.517970263,-0.083505601,-0.281806727,0.32202409,1.615859696,-0.058328422,0.409961154,-0.33262453,0.131366838,-0.785912404,0.079811937,-0.547602837,1.11773933,0.299769952,0.094565491,0.034664227,-0.401167651,-0.351671852,-0.310154906,-0.449100415
271,0.191960249,-0.516050454,-0.217608881,-0.959127346,-0.179122219,-0.849681861,0.010710998,-0.494578978,0.36095511,1.007154805,0.001041551,0.530869794,-0.626338267,-0.250954298,-0.147178504,0.053150775,-0.443676622,0.731502877,0.299769952,-0.351565625,-0.178563001,-0.401167651,-0.355064331,-0.310154906,0.056707796
272,-1.00260623,-0.649222022,-1.107147112,-0.447954605,-1.207420352,-0.083685759,-0.355727472,0.113235354,0.386596429,1.12328569,0.009488001,0.54807123,-0.33262453,-0.291310711,-0.184838841,0.027275738,-0.477446653,0.333488568,0.299769952,-0.328699078,-0.560901479,-0.401167651,-0.674815393,-0.796975164,-0.449100415
273,-0.761932863,-0.772341341,-0.699326651,-0.746432785,-0.782799972,-0.251591002,0.576224622,0.845443679,0.40605331,1.407079551,-0.013403102,0.501452847,-0.33262453,-0.289020754,-0.542844863,-0.014548983,-0.847930854,-0.054550493,0.299769952,0.298165942,-0.028049664,-0.146626357,0.024030896,-0.34970053,0.500601752
274,0.392836462,-0.875842913,-0.617554086,-0.647671729,-0.377671981,-0.476842304,0.766037231,-0.238447063,0.439149978,1.017893293,-1.12992583,-1.772377488,1.429657887,-0.208011407,-0.784868112,-0.117232067,-1.015618473,-0.472430516,0.299769952,1.187737053,1.176057035,-0.360099938,0.096252748,0.283029442,-0.449100415
275,2.346514899,-0.939862568,-1.526534621,0.7527832,-0.362419154,0.046328482,1.282577599,-0.149096624,0.456699877,-0.206328399,-1.206188703,-1.927689,4.366795249,-0.142146304,-0.698384377,-0.230946194,-1.04435061,-0.937512545,0.299769952,1.172731589,1.829899919,1.136726777,2.219981286,2.834359972,2.159052332
281,-0.226154316,1.398892109,0.093977922,0.177344259,0.128814835,0.230057799,-0.719901204,-0.136471159,0.346583101,1.395438485,0.01793445,0.565272665,-0.33262453,-0.294270745,0.992576492,0.920237875,-0.45736746,0.048672146,0.475574886,-0.187833818,-0.371155336,-0.401167651,-0.233984141,-0.114978121,-0.449100415
282,0.411023859,1.404112203,0.150041202,-0.109523513,0.526068782,0.309380972,-0.470566357,-0.304453374,0.362076863,0.429821187,0.01793445,0.565272665,0.842230415,-0.135779673,0.020100652,0.854559866,-0.841655284,0.455079239,0.475574886,1.495728779,1.242951851,0.971943489,0.22436823,0.631030926,-0.449100415
283,-0.813887542,1.29149651,-0.772565559,0.89685604,-0.792134269,1.385131114,-1.035288384,2.065569482,0.386873786,-0.756752543,0.01793445,0.565272665,-0.33262453,-0.247458827,-0.291208817,0.795210283,-0.52905635,0.833580126,0.475574886,1.058306026,1.169583343,-0.401167651,-0.155074593,0.058512355,-0.449100415
287,-0.247601103,0.806762152,-0.096453341,0.488512383,-0.189331068,-0.637410978,0.008437722,-0.707295431,0.524393404,-0.011665935,0.01793445,0.565272665,0.254802942,-0.290526195,0.18302646,0.532338509,-0.470476389,1.093787152,0.475574886,1.368722821,1.417907525,1.155562437,0.150235865,0.258693674,0.748149771
288,-0.223383834,0.656812843,0.240289008,-0.291095512,-0.030215204,-0.696233912,0.374935011,-0.747520726,0.54664111,0.184174017,0.013405195,0.556048707,-0.626338267,-0.290191182,0.082586504,0.463526554,-0.04927657,1.111791324,0.475574886,-0.632631812,-0.57658716,-0.401167651,-0.562913667,-0.623883517,-0.449100415
289,-0.177296058,0.450408685,0.051879195,-0.084853733,-0.113595417,-0.397903017,0.250877033,-0.657871981,0.539004555,0.685691087,-0.009118671,0.510178212,-0.33262453,-0.283410563,-0.121270761,0.402051967,-0.250932838,1.078859298,0.475574886,-0.487705805,-0.57658716,-0.401167651,-0.566172187,-0.623883517,-0.449100415
293,0.548570122,-0.278056126,-0.025676439,0.454399893,0.220574813,-0.152254328,0.00617526,-0.667278307,0.524139468,0.392927401,-0.909216426,-1.3228965,-0.626338267,0.623843621,-0.729864277,0.241471516,0.859193325,1.13471349,0.475574886,-0.071176406,-0.056718871,0.000114718,0.171944434,0.554199429,0.299498614
294,0.325530056,-0.325455411,-0.068849175,-0.796039715,-0.000791743,-0.572974617,-0.093958006,-0.461339216,0.56444741,0.371839677,-0.391657157,-0.268872308,-0.33262453,0.021359772,-0.461654869,0.214982618,-0.216452354,0.823387892,0.475574886,0.157297364,0.59311649,1.560515088,-0.302069404,-0.214115535,-0.449100415
295,-1.269224341,-0.472159698,-1.545244896,-0.291541126,-1.239532376,0.175149055,-1.026008384,-0.107671663,0.572960412,1.611198404,-0.445640988,-0.323717464,1.135944151,-0.258690082,-0.493646559,0.188423189,-0.992761539,0.415437643,0.475574886,1.577493616,1.79195069,0.279311791,1.18763839,1.799399545,-0.449100415
296,-1.073595747,-0.628036662,-1.125528186,-0.164673309,-1.021415475,0.577552908,-0.511657997,2.161423655,0.600106854,1.498531862,-0.818876137,-1.060886229,-0.038910794,-0.282069056,-0.465983858,0.158885424,-0.889094312,0.032105108,0.475574886,-0.331295994,-0.349144783,-0.401167651,-0.004854252,0.09321045,-0.449100415
297,0.267838851,-0.756618842,-0.393627123,0.041719403,-0.154978677,0.372002204,0.607137463,0.398895364,0.623996512,1.601861223,-0.990130966,-1.487681266,2.017085359,-0.105795655,-0.65505175,0.073555866,-0.960906684,-0.366891299,0.475574886,1.155661215,1.389688868,1.355403398,2.085166468,1.966907591,2.137936125
302,0.28922045,0.938589354,-0.394191206,0.321898649,-0.13558411,-0.97989891,-0.331163525,-0.480458759,0.449505861,1.679159361,0.01793445,0.565272665,-0.626338267,0.393129093,-0.584815475,1.260791158,1.182439341,-0.966771335,0.651379819,-0.784647487,-0.804029536,-0.401167651,-0.56362377,-0.623883517,-0.449100415
306,0.211744747,1.499830602,0.108940422,-0.267774074,0.287932852,0.300082238,-0.570135715,0.693820058,0.561661516,-0.303879802,0.01793445,0.565272665,-0.33262453,-0.290634019,-0.236546023,0.978065195,-0.475117449,0.153650547,0.651379819,0.0428546,0.415888664,-0.401167651,-0.373523487,-0.330526894,-0.449100415
307,-0.085250881,1.409592143,-0.434055506,0.361867373,-0.230286126,0.870230537,-0.521852734,1.834486764,0.58157203,-0.968765913,0.01793445,0.565272665,-0.33262453,-0.256714229,-0.718586499,0.921711854,-0.400655814,0.410482851,0.651379819,-0.010370612,-0.056718871,-0.401167651,-0.444892623,-0.406194277,-0.449100415
308,0.084726314,1.264862928,-0.076504761,-0.329313403,-0.356316977,-0.329634314,0.122205903,-0.217178208,0.604461971,-1.080812085,0.01793445,0.565272665,1.429657887,-0.275251648,-0.463549502,0.870481413,-0.515352951,0.595715025,0.651379819,1.784197258,2.166936505,0.174700712,0.377444438,0.698258485,1.038381029
309,0.369694792,1.128007162,0.303425537,-0.307913856,0.050619795,-0.480489946,0.375097998,-0.22472709,0.649860949,-0.860592798,0.01793445,0.565272665,-0.626338267,-0.270834782,-0.512743102,0.799834956,0.248007683,0.581644934,0.651379819,-0.026070178,0.105739969,-0.401167651,-0.338584847,-0.265336534,0.076004121
310,0.440651715,0.988785945,0.432365057,-0.737764869,0.194471451,-0.678657725,0.828191733,-0.515983038,0.705395158,-0.580681725,0.01793445,0.565272665,-0.626338267,-0.283774775,-0.073648987,0.722341563,0.697487474,0.582137316,0.651379819,-0.639712322,-0.57658716,-0.080595009,-0.677592717,-0.803157009,-0.449100415
311,0.016279121,0.968253249,-0.021423606,-0.158138592,-0.239608734,-0.499486512,0.380297826,-0.717816652,0.783121601,-0.07135772,0.01793445,0.565272665,0.254802942,-0.279431589,-0.039315112,0.650817324,-0.311471193,0.596421875,0.651379819,0.504003829,0.509266766,-0.089312743,0.06469845,0.232002831,0.049560102
312,0.081303954,0.83674933,0.397212401,-1.010647541,-0.088706522,-0.783663599,0.681507814,-0.703801591,0.811091484,-0.069603654,-0.022584026,0.482755634,-0.038910794,-0.287522657,-0.020074341,0.585852703,-0.156994914,0.613994546,0.651379819,-0.780402065,-0.796186696,-0.401167651,-0.327653823,-0.240609155,-0.449100415
313,0.033032387,0.65777415,0.175056793,-0.814440708,-0.179044392,-0.714680723,0.798007874,-0.508040347,0.798212271,-0.292204676,-0.135080944,0.253652457,-0.038910794,-0.263421289,0.166321575,0.527997831,-0.084059481,0.57979154,0.651379819,0.409292506,0.069055715,0.893674511,-0.344978651,-0.288468597,-0.449100415
314,0.350985893,0.467867149,0.556226004,-0.887580383,0.372231914,-0.559636387,0.782690532,-0.087820302,0.764650877,0.196922018,-0.632319768,-0.758988571,-0.626338267,0.15644982,-0.279931037,0.477944345,0.599756847,0.57613535,0.651379819,-0.503284621,-0.617940319,-0.401167651,-0.573852575,-0.656478697,-0.449100415
315,0.573080735,0.212228927,0.50316995,-0.231961062,0.284783788,-0.344174904,0.765237856,-0.788835164,0.734929332,0.745283127,-1.111686395,-1.735232359,-0.626338267,0.480046141,-0.751611086,0.436305888,-0.124837877,0.598208759,0.651379819,0.007735118,-0.121702407,-0.401167651,-0.438198,-0.444610025,-0.449100415
317,0.352061492,-0.021837216,-0.232907275,-0.594024084,-0.105285174,-0.838243505,-0.104909047,-0.740714392,0.775798151,-0.907349255,-1.206188703,-1.927689,-0.626338267,-0.178873112,-0.473042184,0.376730729,1.136658335,0.671568886,0.651379819,-0.632982317,-0.57658716,-0.401167651,-0.675104285,-0.803157009,-0.449100415
319,0.088181267,-0.409456351,-0.402568478,-0.546452606,-0.089036594,-0.377079734,-0.08460173,-0.29307157,0.803519029,0.789526476,-1.071167919,-1.377741656,1.429657887,-0.277419938,-0.661746028,0.323563635,-0.892469062,0.136471263,0.651379819,0.420773696,0.788067099,-0.401167651,0.104625407,0.09321045,0.072935921
320,-0.508580469,-0.60981574,-1.222554116,0.264217477,-0.867921291,0.757047889,0.070069869,0.40756558,0.817898434,1.858100912,-0.795005736,-0.837018271,1.135944151,-0.203991,-0.646627756,0.263352732,-0.569088439,-0.282221403,0.651379819,3.044590805,3.062490862,2.199032129,1.938371533,1.885945369,1.59330657
321,-0.543358162,-0.675285895,-0.848284121,0.433180029,-0.862261159,0.807946111,0.157397764,1.466012242,0.859298545,0.912515493,-0.864168694,-1.23115551,1.429657887,-0.27055733,-0.600051956,0.154747541,-0.923841951,-0.665893853,0.651379819,1.726473677,1.389688868,-0.401167651,1.072280761,1.099455211,0.575431027
327,0.590844412,0.982998582,0.134183593,0.643118969,0.44901592,-0.339763111,-0.323980343,-0.231692235,0.635868611,1.113724689,0.03164463,0.565272665,-0.33262453,0.471265629,-0.863445539,1.37356111,-0.210299767,-1.105970814,0.827184753,0.454489437,0.615524606,1.540786848,0.012560019,-0.055153819,-0.449100415
331,-0.332573403,1.55300261,-0.389943241,0.459852199,-0.240625712,0.94800875,-0.969978124,1.313714748,0.733323129,-0.618341851,0.01793445,0.565272665,-0.33262453,0.104374507,-0.302915481,1.102989888,-0.218222845,-0.250987122,0.827184753,0.599934846,0.850809823,0.454178276,-0.105670315,0.130301518,-0.449100415
334,0.533707303,1.263268475,0.353229138,-0.855080729,0.309386601,-0.61904529,0.335575888,-0.831396482,0.824831119,-0.493569573,0.01793445,0.565272665,0.548516678,-0.262105856,-0.718264472,0.913110314,-0.664234777,0.083226978,0.827184753,-0.032345092,0.333182346,-0.354578042,-0.007660405,0.09321045,-0.449100415
335,0.693124074,1.081683858,0.486106895,0.370185985,0.480870777,0.397081553,0.889719144,-0.008679901,0.900105729,-0.730806468,0.01793445,0.565272665,-0.33262453,-0.176311589,-0.799903358,0.839329824,-0.583359969,0.082987011,0.827184753,0.927263495,0.9902381,-0.199912539,-0.286064958,-0.185659426,-0.449100415
336,0.307114502,0.939786108,0.659523175,0.773633635,0.707396052,0.283570791,1.080666779,-0.158525484,0.989385003,0.292639071,0.01793445,0.565272665,-0.33262453,-0.284869121,-0.549925594,0.771449607,-0.832834572,0.099492621,0.827184753,0.562626586,0.105739969,-0.401167651,0.43178565,0.631030926,-0.449100415
337,-0.107740673,0.817650056,0.870161632,0.222217615,0.622064631,0.015385817,0.544553199,0.183595015,1.021936819,0.756542239,-0.522148685,-0.534622021,0.548516678,-0.291939069,-0.296470196,0.709950479,-0.850885303,0.116977877,0.827184753,-0.483753153,-0.349144783,-0.401167651,-0.007193055,-0.265336534,0.072694504
338,-0.238865937,0.63403791,0.23552199,-0.448466343,0.069819027,-0.568254267,0.953355137,-0.076035032,0.990923409,0.694417629,-1.12515175,-1.762654937,-0.038910794,-0.289271787,-0.357398949,0.655374712,-0.823800657,0.081073681,0.827184753,0.295172619,0.144954172,-0.401167651,-0.331917529,-0.240609155,-0.449100415
339,-0.031731695,0.516875526,0.483127661,-0.468572171,0.24805568,-0.560495423,1.14289509,-0.721335172,0.954598309,0.211516533,-1.201414622,-1.917966449,-0.33262453,-0.291622353,-0.440924348,0.608310287,-0.668542936,0.07646809,0.827184753,-0.784892611,-0.796186696,-0.401167651,-0.67551101,-0.796975164,-0.449100415
340,-0.080459577,0.348941961,0.515514058,-0.97036545,0.042584868,-0.527221193,0.796204773,-0.255526745,0.932706852,0.045031044,-1.206188703,-1.927689,-0.038910794,-0.236644894,-0.487454798,0.569263927,-0.646559915,0.099846346,0.827184753,-0.473606664,-0.300407132,-0.401167651,-0.21749964,-0.022036794,-0.449100415
341,0.012987137,0.235418637,0.237688263,-0.68080243,0.083249229,-0.646504732,0.439980584,-0.555376722,0.948786145,-0.173974264,-1.206188703,-1.927689,-0.626338267,-0.225692652,-0.615502562,0.538453373,-0.011683112,0.120811716,0.827184753,0.077901063,0.034664227,-0.401167651,-0.251633312,-0.142086008,-0.449100415
342,0.465325298,0.057418184,-0.055018492,-0.727568928,0.349625837,-0.539675036,0.168393394,-0.276828864,0.974369528,-0.699289225,-1.174728738,-1.863619885,-0.33262453,-0.081481168,-0.455386333,0.511960668,-0.37778022,0.177743584,0.827184753,1.208315968,1.527254821,-0.312707465,0.375670715,0.530189587,0.045971495
343,0.421779846,-0.129019327,0.375310524,-0.499568236,0.39455314,-0.455561255,0.509021324,-0.414940684,1.00111411,-0.30081201,-1.120622494,-1.698585823,-0.33262453,0.016683035,-0.574149583,0.485301195,-0.33435262,0.157724446,0.827184753,-0.334836639,-0.349144783,-0.401167651,-0.453778821,-0.444610025,-0.449100415
344,0.297694864,-0.39541004,0.282559333,0.183949412,0.198220366,-0.648251051,0.52292643,-1.273914434,1.015668558,0.72222968,-1.129681006,-1.469482646,-0.33262453,0.023791322,-0.736158306,0.446298293,-0.564144052,-0.166612044,0.827184753,-0.014989482,0.333182346,-0.401167651,-0.106165206,0.09321045,-0.449100415
345,-0.028635274,-0.596014636,-0.566559642,0.40204453,-0.280761897,0.332062844,-0.013418444,0.768651104,1.026683933,1.587597572,-0.900157914,-1.021996027,1.135944151,-0.106745424,-0.770218047,0.347775933,-0.685715084,-0.552679339,0.827184753,1.772545334,1.92527898,-0.401167651,1.43825114,2.065218861,0.072030583
346,1.237051097,-0.717949399,-0.61180981,0.096785826,0.892873369,2.376563219,0.66151262,1.7979388,1.068801474,0.388944867,-0.638440384,-0.735305435,0.548516678,2.881975957,-0.891888375,0.236580896,-0.806113518,-0.969361425,0.827184753,0.746510012,0.9902381,-0.401167651,0.332565904,0.411918881,-0.449100415
351,-0.041053551,1.204550651,0.7628958,0.104632949,0.399299961,0.081681491,-0.179196671,1.21554494,0.853614581,0.230684758,0.547367714,0.565272665,0.548516678,0.036581056,-0.660480403,1.488410754,-0.440355115,-1.036592299,1.002989687,-0.383751463,-0.446620088,-0.401167651,-0.480908322,-0.521441522,-0.449100415
357,-0.004548381,1.450253737,0.132847927,1.675098342,0.216401081,1.495273819,-0.0040246,1.295098463,0.91070322,-0.247404211,0.01793445,0.565272665,-0.038910794,-0.019960393,-0.809490785,1.104478188,-0.751667398,-0.377362179,1.002989687,1.633565501,1.470394228,1.910461419,0.442364498,0.631030926,0.597838856
358,-0.47875705,1.343580338,-0.381325002,1.437634816,-0.492595744,1.509437042,-0.475199241,1.873944832,0.943072597,-0.387182151,-0.058573247,0.409462561,-0.626338267,-0.161515259,-0.514948117,1.028794239,-0.394611094,-0.413564124,1.002989687,3.032168831,2.380163733,1.779274654,1.018658898,1.168851402,0.07948505
359,0.102685554,1.234901369,1.381699739,0.822639704,1.017087132,0.803963836,0.438467406,0.086768661,1.026887328,-0.150825938,-0.343916354,-0.171646803,-0.33262453,-0.218050236,-0.797983333,0.958451336,-0.617381926,-0.415891533,1.002989687,-0.042667612,-0.349144783,-0.401167651,-0.126633271,0.09321045,-0.449100415
360,0.562389936,1.11415238,1.338783183,0.112194017,0.961663052,-0.126121828,0.947869371,-0.388876383,1.140087078,-0.382623037,-0.697932769,-0.892611316,0.254802942,-0.290518671,-0.527689305,0.893900376,-0.651389168,-0.396875188,1.002989687,1.891856803,1.953709277,-0.401167651,0.676656855,0.866327384,0.040579987
361,0.089159085,0.984735767,1.800087477,0.27332382,1.257542486,-0.053092937,0.987503048,-0.120679133,1.181577176,-0.44774732,-1.168118473,-1.850157892,-0.33262453,-0.290518932,0.13037792,0.835553431,-0.629120862,-0.378252097,1.002989687,-0.169111465,-0.325616262,-0.401167651,-0.220138901,-0.055153819,0.612973888
365,0.125827223,0.288357639,0.826840421,-0.558636562,0.497989295,-0.842828409,1.004762379,-0.734647387,1.115664895,0.240328475,-1.206188703,-1.927689,0.254802942,-0.211755293,-0.728428309,0.673556183,-0.631404296,-0.376445335,1.002989687,-0.186425308,0.105739969,-0.401167651,-0.56539844,-0.623883517,0.069943005
366,0.526178112,0.047940523,0.681243109,-0.358242393,0.859234647,-0.379315689,0.799809646,-0.514485065,1.142119794,-0.088533462,-1.256989814,-1.927689,0.254802942,0.374232981,-0.719748515,0.647163551,-0.529543499,-0.315992394,1.002989687,0.282356789,0.729372291,-0.401167651,0.564102807,0.752474259,-0.449100415
367,0.481687437,-0.131862991,0.950023495,-0.152624474,0.858330256,-0.713182119,1.02894381,-0.843253646,1.186507962,-0.404742279,-1.201904272,-1.918963634,-0.626338267,0.034084983,-0.714479609,0.618486532,-0.17894394,-0.284187747,1.002989687,-0.181432441,0.069055715,-0.074402565,-0.006136141,0.232002831,-0.449100415
368,0.402745008,-0.328164883,0.692441405,0.744079347,0.580784423,-0.402976108,0.828044305,0.279546836,1.229092694,0.560670661,-1.201781859,-1.918714338,-0.038910794,-0.103182977,-0.684358847,0.540407102,-0.53582048,-0.495618813,1.002989687,0.134192454,0.144954172,-0.401167651,0.230209883,0.315756854,-0.449100415
373,0.074687392,1.46479168,1.577188885,-0.454039396,1.194562744,0.432049951,0.001899656,1.218770517,1.082718617,0.446802303,1.210597639,0.565272665,-0.626338267,-0.267889317,-0.242051338,1.605111258,0.199377972,-1.019705876,1.178794621,0.110793084,0.333182346,-0.401167651,-0.123703901,-0.086063041,0.586519681
374,-0.199851037,1.088658216,0.274046365,0.524394393,0.422328087,-0.062485108,-0.1897189,-0.104258302,0.998543938,2.990853263,0.883511932,0.565272665,-0.33262453,0.707170564,-0.710553785,1.535525563,0.130340071,-1.482245504,1.178794621,2.165019704,1.697836604,1.038077189,0.932709947,1.168851402,-0.449100415
377,0.281071975,1.632462959,1.770681531,1.481809564,1.554329694,2.059404524,0.204942466,0.818560644,1.037572341,-0.630939017,0.01793445,0.565272665,-0.626338267,-0.235126782,-0.220758343,1.356346184,0.31114926,-1.063556772,1.178794621,-0.643152227,-0.591260862,-0.401167651,-0.246180309,-0.288468597,-0.449100415
378,-0.155653707,1.472998171,-0.105080708,4.595878435,0.319648052,3.394428413,0.30214918,2.56842484,1.008362366,-0.598156704,0.01793445,0.565272665,-0.626338267,0.503923304,-0.714554215,1.295474857,0.040147775,-0.896682581,1.178794621,-0.485406912,-0.349144783,-0.401167651,-0.565038827,-0.623883517,-0.449100415
379,-0.028309335,1.496187881,1.59297895,1.502375381,1.255125547,1.286029842,0.732044528,1.340276942,1.008841885,-0.026073122,0.01793445,0.565272665,-0.33262453,-0.110056525,-0.435943958,1.219013481,-0.682978967,-0.869846005,1.178794621,-0.144449618,-0.199365658,-0.401167651,-0.285492006,-0.195376146,-0.449100415
380,0.198413841,1.374022551,0.824046172,1.787824375,0.898411378,1.215690326,0.584915858,1.141250417,0.985466261,0.551927089,-0.661086663,-0.81757317,-0.33262453,-0.222682938,-0.542671843,1.146574782,-0.84475623,-0.905718824,1.178794621,1.451617419,2.152721357,4.262124158,0.095679767,0.451757434,0.067698576
381,0.138636627,1.235688226,1.235040588,1.015275873,1.059522131,0.681858372,0.699247188,0.737476956,0.995756811,0.280219501,-1.197130191,-1.909241083,2.310799096,-0.278373979,-0.299946382,1.079412941,-0.958319505,-0.913906983,1.178794621,2.803535526,2.733091558,0.418431207,1.056416744,0.872122863,0.630176412
382,-0.176220459,1.129081923,1.434418682,0.636917743,0.839210389,0.746423662,1.048626313,2.386138914,1.044534611,0.267495828,-1.206188703,-1.927689,-0.626338267,-0.293504921,0.171165311,1.017896188,-0.618625072,-0.891910874,1.178794621,0.436264967,0.788067099,-0.401167651,0.227538889,0.272483942,0.606895823
383,-0.202328174,1.004871984,0.663754102,0.618479375,0.110111788,0.072770988,1.564609034,2.456741084,1.113839272,-0.269394513,-1.206188703,-1.927689,-0.626338267,-0.294009254,0.723395857,0.962445412,-0.63327416,-0.8729269,1.178794621,-0.452852392,-0.313232829,-0.401167651,-0.429966216,-0.416303684,-0.449100415
385,0.307505629,0.722666057,1.069195921,0.842018174,0.657551817,0.105880075,1.706659879,0.145211068,1.193150963,0.214182909,-1.206188703,-1.927689,0.842230415,-0.294270745,0.400049815,0.871532127,-0.517379686,-0.922118803,1.178794621,2.536517333,1.609794394,1.047009288,2.115601891,1.966907591,1.642459737
386,0.124556061,0.574566167,0.846542557,-0.323379546,0.208527344,-0.424430993,1.585524089,0.276122745,1.242096409,0.535028689,-1.206188703,-1.927689,1.429657887,-0.290983649,-0.219534385,0.836839129,-0.600280927,-0.89579021,1.178794621,1.30868221,1.015509475,1.265653979,2.753721437,2.782312828,2.142136159
390,0.626306576,-0.302703657,1.165288407,-0.358137458,0.890720672,-0.557440993,1.197569657,-0.064574895,1.435393077,-0.783092736,-1.378300418,-1.879076247,0.548516678,-0.107569609,-0.524503698,0.621114163,-0.31156718,-0.836035766,1.178794621,2.374416942,1.811557792,-0.401167651,0.572877696,0.810304418,-0.449100415
391,1.968947148,-0.652985516,-0.219245148,0.346138628,3.082649479,1.600736736,1.464009197,-0.208452193,1.449405138,-0.738121972,-2.137746422,-1.872594547,0.548516678,9.585897575,-1.060407292,0.510899269,-0.940523445,-1.191113297,1.178794621,0.915492437,1.527254821,0.744510819,1.540204505,2.154855607,-0.449100415
395,0.665288882,1.545354849,2.219915543,0.848366021,2.281999419,1.877580151,0.4971527,2.39313947,1.277983901,1.72008677,1.242057604,0.565272665,-0.33262453,0.444244337,-0.685210191,1.723463226,-0.342611266,-1.022743386,1.354599555,0.361955844,0.67434591,-0.401167651,0.812335565,0.866327384,-0.449100415
397,1.976248182,1.349316464,1.115968565,2.959946557,1.757786544,2.054516858,1.59410224,2.028138399,1.100686401,1.059767071,0.01793445,0.565272665,-0.626338267,0.018024254,-0.871958336,1.409840841,-0.25789391,-1.368810315,1.354599555,-0.019192804,0.144954172,-0.401167651,-0.222233932,-0.240609155,-0.449100415
398,0.798500156,1.303054157,1.869163611,2.737309049,1.951066231,1.846988778,1.566770554,1.294951456,1.054789413,0.893775445,-0.079260928,0.367331509,-0.038910794,0.126017629,-0.757438753,1.335599275,-0.704160778,-1.348997153,1.354599555,1.174665749,1.470394228,1.030339015,0.216222781,0.451757434,0.595117708
399,0.330516923,1.321789891,1.88019335,1.93786557,1.827404945,0.967252306,1.58485127,0.691793073,1.014089473,1.060959155,-1.117439774,-1.746949279,-0.626338267,0.239538715,-0.707651089,1.26618665,-0.308390673,-1.386433703,1.354599555,-0.004873974,0.380239389,-0.401167651,-0.213409914,-0.240609155,-0.449100415
400,0.197305649,1.177882911,2.051039918,0.754815776,1.526501221,0.314724231,1.630997777,0.145875283,0.90913523,1.462745011,-1.206188703,-1.927689,0.842230415,-0.284943408,-0.483863002,1.201958382,-0.787048021,-1.394219136,1.354599555,1.047467583,1.08609504,-0.401167651,1.920461279,1.984854882,0.607662673
401,0.759876383,0.985898363,1.634032876,2.053830213,1.263373037,1.428834007,2.288504056,0.357503667,0.765475551,1.623055992,-1.710282617,-1.927689,0.254802942,-0.28671951,-0.476790191,1.143233076,-0.763523543,-1.370737962,1.354599555,1.772668408,1.697836604,-0.168365917,2.551046252,2.423765845,1.114363621
402,1.711422734,0.727759278,0.06014937,3.027862483,0.39678397,2.796660598,2.102549432,1.054567572,0.848353433,0.513741473,-1.764266448,-1.927689,1.723371623,-0.257768276,-0.546781033,1.090439328,-0.868869391,-1.356839799,1.354599555,2.806051521,3.327840301,-0.401167651,3.086819258,3.35001222,-0.017099197
403,1.760476556,0.597361838,0.055522307,2.16647431,0.242429693,1.183782152,2.425785213,0.567763916,1.061829342,-0.222387475,-1.242177923,-1.927689,0.842230415,-0.164494509,-0.533447834,1.043955383,-0.76399322,-1.39452931,1.354599555,2.806895806,2.380163733,1.564952697,3.151562511,2.378947472,4.860406071
404,1.777066851,0.497459069,-0.086490308,1.814109866,0.04111754,0.998649116,2.734822551,0.247561465,1.212936974,0.530038966,-1.206188703,-1.927689,1.429657887,0.457662076,-0.569706903,1.004129014,-0.769850974,-1.412795206,1.354599555,1.88397862,2.380163733,0.518459197,6.346418139,4.037227271,6.987117636
405,1.526713096,0.374303152,0.039849075,1.677166855,0.370580017,0.819552507,2.722889225,0.225316137,1.317920802,0.715909202,-1.206188703,-1.927689,0.548516678,0.058898035,-0.612600482,0.971268732,-0.742679485,-1.385998815,1.354599555,2.758995858,2.710322021,-0.21823993,1.508047112,1.966907591,0.574663839
406,1.313711952,0.155964388,0.783659775,1.138994203,0.999548104,0.803834908,2.399424048,0.235772976,1.394245669,0.524584573,-1.206188703,-1.927689,-0.33262453,0.202243124,-0.668878297,0.944014326,-0.544311437,-1.355336826,1.354599555,0.420763558,0.729372291,-0.307890117,0.438989163,0.752474259,-0.449100415
407,2.078756001,0.143416155,0.98482261,0.304485194,1.415673671,0.398785138,2.382017099,-0.288909222,1.506773599,0.532727237,-1.327744132,-1.927689,0.842230415,0.530582602,-0.655544197,0.90882022,-0.792203591,-1.302016721,1.354599555,1.156241604,1.321380257,-0.401167651,0.870463864,1.243033536,0.068450474
408,3.229777027,-0.142389795,0.248091852,1.172298837,1.177600188,1.7311747,2.403322259,0.324372282,1.566346121,-0.32338619,-1.530214101,-1.927689,0.548516678,1.879500899,-0.708944333,0.813822979,-0.830063804,-1.25832354,1.354599555,0.36405599,0.247891454,-0.182877586,0.174140121,0.362120688,0.051108278
409,2.834478194,-0.506280009,-0.23078238,1.196775997,2.500236906,3.075433584,2.140492715,1.563217382,1.603673403,-1.313056825,-2.16247371,-1.927689,1.723371623,9.896633399,-0.970832705,0.704120868,-0.98409173,-1.231748464,1.354599555,0.440425812,0.788067099,-0.401167651,1.361339799,1.348124893,0.080498988
411,-0.550822165,1.88976639,1.579111149,1.892612724,1.564055893,2.499936231,-0.424270904,1.879811177,1.568134764,1.074794629,1.780304554,0.565272665,-0.626338267,0.185403513,-0.656455318,1.985107477,-0.510678508,-1.29460661,1.530404489,0.161169827,0.615524606,-0.20721367,-0.207649372,-0.055153819,0.093636233
412,-0.386483716,1.915269094,1.496971655,0.855947213,1.108423523,1.170170132,-0.305321678,0.376182188,1.564701704,1.437356053,1.894637656,0.565272665,-0.626338267,-0.2941584,0.392118659,1.912171131,0.863460903,-0.837642462,1.530404489,-0.491961258,-0.438143974,-0.401167651,-0.294813163,-0.280925533,-0.449100415
413,0.031402692,1.812458003,2.809904393,0.446273901,2.244410294,1.767861894,0.576923245,3.136279993,1.525000249,1.050721829,1.796095743,0.565272665,-0.626338267,-0.225507953,-0.130615878,1.843292641,-0.228511986,-0.982595737,1.530404489,-0.636190355,-0.57658716,-0.401167651,-0.344054734,-0.265336534,0.588298947
425,-0.213344912,2.084850788,1.955690416,3.284825226,2.338240219,3.832859612,0.060974676,2.099713822,1.797592583,1.380067898,2.466180757,0.565272665,-0.626338267,0.324035758,-0.705493555,2.101529076,-0.557322439,-1.332583288,1.706209423,0.255605613,0.67434591,-0.401167651,-0.03191305,0.170041947,0.140363392
426,0.366565778,2.118653917,2.07826377,0.408405314,1.91264685,1.207254249,0.306039611,1.366871327,1.796880085,1.114111508,2.466180757,0.565272665,-0.626338267,-0.285895597,-0.0275026,2.03098065,-0.038605976,-0.867732668,1.706209423,-0.337603628,-0.349144783,-0.401167651,0.208131012,0.631030926,0.586695588
427,1.70294832,1.751471103,2.407281772,0.848893571,2.672979232,1.281862143,1.286046049,1.387107912,1.706270731,1.837570305,2.377799065,0.565272665,0.254802942,0.74980062,-0.633056095,1.964447347,-0.855588366,-0.847976352,1.706209423,1.592214692,1.470394228,-0.21710974,1.962086467,1.885945369,0.580989008
428,1.65950065,1.347830585,2.156133392,2.332770363,2.668015234,1.087140647,1.415436294,1.278135744,1.592722128,0.340911178,1.911285731,0.565272665,1.135944151,1.557605784,-0.85195763,1.902162937,-0.963295733,-1.286022995,1.706209423,1.296876354,1.169583343,-0.401167651,2.514963178,2.660869495,1.612984568
439,1.793559365,2.176736157,2.266713744,0.405116393,2.373524071,1.215150713,1.382423029,1.657912665,1.99927282,1.7344526,3.424791598,1.188513081,0.254802942,0.0740339,-0.66371405,2.151114373,-0.711930847,-0.785927822,1.882014357,0.695359621,0.560624722,0.103553049,0.638444917,1.168851402,-0.449100415
440,2.248113911,2.137305476,2.448453139,-0.150965639,2.49339153,0.957684852,1.640599007,1.667295384,1.979999611,0.160439379,4.187665147,2.025898905,-0.33262453,-0.286866563,-0.217425967,2.086794025,-0.512287746,-0.98366641,1.882014357,0.138525177,0.615524606,0.216169369,1.823119544,1.428488873,1.677027523
445,4.732258091,2.49974153,3.390195519,1.865630062,4.478081964,3.419168059,2.222105826,1.844421029,2.262950294,2.086348521,3.698872772,1.072590364,0.548516678,0.50929126,-0.931243522,2.338589824,-0.791312095,-0.925529779,2.057819291,-0.476664284,-0.349144783,0.309063545,0.57080638,1.168851402,-0.449100415
447,2.714988952,2.244346074,3.249668261,1.336813872,3.399569841,2.019543389,2.436576304,1.836118868,2.198360697,0.222486139,4.769858118,2.874253759,-0.038910794,0.452105968,-0.890361512,2.210215582,-0.433711054,-1.285035794,2.057819291,1.20359218,1.449717647,-0.401167651,3.431672299,2.603039337,1.526824178
453,5.760563079,3.161101476,3.259266191,2.807685915,5.013235198,4.64205376,3.139541471,2.847543558,2.750326428,1.104416702,4.432857014,1.711037846,-0.038910794,1.834079466,-1.024090594,2.646270454,-0.516016349,-1.058240057,2.409429159,0.866435855,1.242951851,0.807093568,2.100453511,2.423765845,3.44598659
